name,image_url,address,rating,reviews,price,maps_url,latitude,longitude
Labersa Hotel & Convention Center Samosir,https://pix8.agoda.net/hotelImages/61602295/0/04a7dc13257181ef3cfdb03d01ea6c5e.jpg?ce=0&s=450x450,"Samosir West, Samosir",9.0,264,995743,"https://www.google.com/maps/place/Labersa+Hotel+%26+Convention+Center+Samosir/@2.5172901,98.7890467,11.06z/data=!4m9!3m8!1s0x3031c70074a74af3:0x6fd34e6bdf43b7af!5m2!4m1!1i2!8m2!3d2.7416459!4d98.7095258!16s%2Fg%2F11y5sk_61h?entry=ttu&g_ep=EgoyMDI1MDUxMy4xIKXMDSoASAFQAw%3D%3D",2.5172901,98.7890467
Marianna Resort and Convention Tuktuk Samosir,https://pix8.agoda.net/hotelImages/37226181/-1/414b854b6a8108dd10c8e6e7dc8f0bf9.jpg?ce=0&s=450x450,"Samosir West, Samosir",9.2,479,1455814,"https://www.google.com/maps/place/Marianna+Resort+%26+Convention+Tuktuk++Samosir,+Marclan+Collection/@2.6676358,98.8514378,17z/data=!3m1!4b1!4m9!3m8!1s0x30313170eab867ad:0x6d78bf0230021538!5m2!4m1!1i2!8m2!3d2.6676358!4d98.8514378!16s%2Fg%2F11sd3c93rv?entry=ttu&g_ep=EgoyMDI1MDUxMy4xIKXMDSoASAFQAw%3D%3D",2.6676358,98.8514378
Rogate Beach Hotel,https://pix8.agoda.net/hotelImages/199/1999036/1999036_17022219000051196682.jpg?ca=6&ce=1&s=450x450,"Samosir West, Samosir",8.5,251,238693,"https://www.google.com/maps/place/Rogate+Beach+Hotel/@2.6943127,98.8197977,17z/data=!3m1!4b1!4m9!3m8!1s0x3031c1c434ef8711:0x16e9b3316cc597d0!5m2!4m1!1i2!8m2!3d2.6943127!4d98.8197977!16s%2Fg%2F11ckvkjlgx?entry=ttu&g_ep=EgoyMDI1MDUxMi4wIKXMDSoASAFQAw%3D%3D",2.6943127,98.8197977
Urbanview Hotel Gapura Parapat by RedDoorz,https://pix8.agoda.net/hotelImages/37808625/-1/544efb657afc0973c59ff1dcefee719d.jpg?ce=0&s=450x450,"Girsang Sipangan Bolon, Parapat",7.2,219,180783,"https://www.google.com/maps/place/Urbanview+Hotel+Gapura+Parapat+by+RedDoorz/@2.6812761,98.9275705,18.56z/data=!4m10!3m9!1s0x3031ed91a3e42221:0x6f7dea2911c5c48d!5m3!1s2025-05-20!4m1!1i2!8m2!3d2.6813922!4d98.9265977!16s%2Fg%2F11vpxx02ly?entry=ttu&g_ep=EgoyMDI1MDUxMy4xIKXMDSoASAFQAw%3D%3D",2.6812761,98.9275705
Samosir Villa Resort,https://pix8.agoda.net/hotelImages/854093/-1/e56314d3879e69d20ab0151ef0ac5447.jpg?ca=7&ce=1&s=450x450,"Samosir West, Samosir",8.2,868,441751,"https://www.google.com/maps/place/Samosir+Villa+Resort/@2.667959,98.8576581,17z/data=!4m10!3m9!1s0x3031ea20f73128e3:0x30e18a251c348c74!5m3!1s2025-05-20!4m1!1i2!8m2!3d2.6679536!4d98.860233!16s%2Fg%2F11bv3mlz2h?entry=ttu&g_ep=EgoyMDI1MDUxMy4xIKXMDSoASAFQAw%3D%3D",2.667959,98.8576581
Mas Cottages,https://pix8.agoda.net/hotelImages/535/535733/535733_16041514010041539472.jpg?ca=6&ce=1&s=450x450,"Samosir West, Samosir",7.6,475,319107,"https://www.google.com/maps/place/Mas+Cottages/@2.6784274,98.840665,17z/data=!4m10!3m9!1s0x3031ea0ee6b4f82b:0x47cbf6f49161caec!5m3!1s2025-05-20!4m1!1i2!8m2!3d2.678422!4d98.8432399!16s%2Fg%2F1pp2t_0zb?entry=ttu&g_ep=EgoyMDI1MDUxMy4xIKXMDSoASAFQAw%3D%3D",2.6784274,98.840665
Vandu's View Guest house & Restaurant,https://q-xx.bstatic.com/xdata/images/hotel/max500/572274244.jpg?k=007da22d7c1ee4db4a75c2b4d63b955c1f894ddd195cfbb04c7fb92d8f78de37&s=450x450,"Samosir West, Samosir",8.6,101,257255,"https://www.google.com/maps/place/Vandu's+View+Guest+House/@2.6683305,98.8590219,17z/data=!3m1!4b1!4m9!3m8!1s0x3031ea2031e93393:0xdb2f837d24c472f4!5m2!4m1!1i2!8m2!3d2.6683305!4d98.8590219!16s%2Fg%2F11c45nq_8c?entry=ttu&g_ep=EgoyMDI1MDUxMy4xIKXMDSoJLDEwMjExNDUzSAFQAw%3D%3D",2.6683305,98.8590219
Lekjon Cottage,https://pix8.agoda.net/hotelImages/941669/-1/6ea48c0d88c79246b7233c4f4ab8b934.jpg?ce=0&s=450x450,"Samosir West, Samosir",7.2,764,371901,"https://www.google.com/maps/place/Lekjon+Cottage/@2.6763756,98.8557785,17z/data=!3m1!4b1!4m9!3m8!1s0x3031ea10cbee0fa5:0x69373f7a99a3bcc0!5m2!4m1!1i2!8m2!3d2.6763756!4d98.8557785!16s%2Fg%2F12vsd080l?entry=ttu&g_ep=EgoyMDI1MDUxMy4xIKXMDSoASAFQAw%3D%3D",2.6763756,98.8557785
Toba Village Inn,https://pix8.agoda.net/hotelImages/432/432897/432897_130204131649502.jpg?ca=0&ce=1&s=450x450,"Samosir West, Samosir",8.1,756,524702,"https://www.google.com/maps/place/Toba+Village+Inn/@2.6689794,98.8536002,17z/data=!3m1!4b1!4m9!3m8!1s0x3031ea1e9c164ee3:0x7dbec97f1bd8bf80!5m2!4m1!1i2!8m2!3d2.6689794!4d98.8536002!16s%2Fg%2F11btmcjjc8?entry=ttu&g_ep=EgoyMDI1MDUxMi4wIKXMDSoASAFQAw%3D%3D",2.6689794,98.8536002
RedDoorz @ Tuktuk Danau Toba,https://pix8.agoda.net/hotelImages/9391146/-1/083a18524192782c9ae33cfad7f00f3b.jpg?ca=9&ce=1&s=450x450,"Samosir West, Samosir",6.5,729,94875,"https://www.google.com/maps/place/RedDoorz+@+Tuktuk+Danau+Toba/@2.676156,98.8570404,17z/data=!3m1!4b1!4m9!3m8!1s0x3031ebd6274148ab:0x2165ac660e20905!5m2!4m1!1i2!8m2!3d2.676156!4d98.8570404!16s%2Fg%2F11fnr900zc?entry=ttu&g_ep=EgoyMDI1MDUxMi4wIKXMDSoASAFQAw%3D%3D",2.676156,98.8570404
Zoe's Paradise Waterfront Hotel,https://pix8.agoda.net/hotelImages/252/2526431/2526431_17080808590054974933.jpg?ca=6&ce=1&s=450x450,"Samosir West, Samosir",8.9,796,652893,"https://www.google.com/maps/place/Zoes+Paradise+Waterfront+Hotel/@2.6699796,98.8568735,17z/data=!3m1!4b1!4m9!3m8!1s0x3031ea1f150ad723:0xebbc8618af033838!5m2!4m1!1i2!8m2!3d2.6699796!4d98.8568735!16s%2Fg%2F11d_77z710?entry=ttu&g_ep=EgoyMDI1MDUxMy4xIKXMDSoASAFQAw%3D%3D",2.6699796,98.8568735
Samosir Cottages Resort,https://pix8.agoda.net/hotelImages/850157/-1/735e27a3d61c2cb29963bbe803179f5d.jpg?ca=7&ce=1&s=450x450,"Samosir West, Samosir",7.9,617,489585,"https://www.google.com/maps/place/Samosir+Cottages/@2.6773098,98.8539201,17z/data=!3m1!4b1!4m9!3m8!1s0x3031ea1a33bb5817:0xcd31f3c377dffc06!5m2!4m1!1i2!8m2!3d2.6773098!4d98.8539201!16s%2Fg%2F11xclpjl3?entry=ttu&g_ep=EgoyMDI1MDUxMi4wIKXMDSoASAFQAw%3D%3D",2.6773098,98.8539201
Tuk Tuk Timbul Bungalows,https://pix8.agoda.net/hotelImages/1060616/-1/14015e69d2aef06910400cdcd0eb72cf.jpg?ca=9&ce=1&s=450x450,"Samosir West, Samosir",8.6,356,211925,"https://www.google.com/maps/place/Hotel+Tuk-Tuk+Timbul/@2.6804056,98.8406148,17z/data=!3m1!4b1!4m9!3m8!1s0x3031ea095e9a26ab:0x30ab6e937998b49d!5m2!4m1!1i2!8m2!3d2.6804056!4d98.8406148!16s%2Fg%2F11xdm89qp?entry=ttu&g_ep=EgoyMDI1MDUxMi4wIKXMDSoASAFQAw%3D%3D",2.6804056,98.8406148
Romlan Guesthouse,https://q-xx.bstatic.com/xdata/images/hotel/max500/380629285.jpg?k=e0055df46d5f21f0a1d6bf460aebeb22a45c9dd324f129de20350be0c8c534ce&s=450x450,"Samosir West, Samosir",9.0,288,228132,"https://www.google.com/maps/place/Romlan+Guesthouse/@2.6733776,98.8605608,17z/data=!3m1!4b1!4m9!3m8!1s0x3031ea22573a479b:0x63a299194f302626!5m2!4m1!1i2!8m2!3d2.6733776!4d98.8605608!16s%2Fg%2F11b6sfshzq?entry=ttu&g_ep=EgoyMDI1MDUxMi4wIKXMDSoJLDEwMjExNDU1SAFQAw%3D%3D",2.6733776,98.8605608
Gokhon Guest House,https://pix8.agoda.net/hotelImages/162/1624384/1624384_16112916500049204136.jpg?ca=6&ce=1&s=450x450,"Samosir West, Samosir",9.2,84,301928,"https://www.google.com/maps/place/Gokhon+Guest+House/@2.6766875,98.855325,17z/data=!3m1!4b1!4m9!3m8!1s0x3031ea1779df4a0d:0xacf9f165fd03e36a!5m2!4m1!1i2!8m2!3d2.6766875!4d98.855325!16s%2Fg%2F11ckkynxc2?entry=ttu&g_ep=EgoyMDI1MDUxMy4xIKXMDSoASAFQAw%3D%3D",2.6766875,98.855325
Pandu Lakeside Hotel Tuktuk,https://pix8.agoda.net/hotelImages/305162/-1/f2cdadbbb7a5fc8f43dfbff942909a9d.jpg?ce=0&s=450x450,"Samosir West, Samosir",7.5,548,166943,"https://www.google.com/maps/place/Pandu+Lakeside+-+Tuk+Tuk/@2.6740945,98.8585839,17z/data=!3m1!4b1!4m9!3m8!1s0x3031ea2282a93a23:0x3a86efbaea576043!5m2!4m1!1i2!8m2!3d2.6740945!4d98.8585839!16s%2Fg%2F11f4wtf2d7?entry=ttu&g_ep=EgoyMDI1MDUxMi4wIKXMDSoASAFQAw%3D%3D",2.6740945,98.8585839
Raja Hotel Samosir,https://pix8.agoda.net/hotelImages/67127854/0/c3dd1ab2ba4806ab06ad799a780c8c0e.jpg?ce=2&s=450x450,"Samosir West, Samosir",6.6,6,266666,"https://www.google.com/maps/place/Raja+Hotel+Samosir/@2.6946309,98.6900209,17z/data=!3m1!4b1!4m9!3m8!1s0x3031c9afab87ae99:0x3187d5fa69f8860f!5m2!4m1!1i2!8m2!3d2.6946309!4d98.6900209!16s%2Fg%2F11b7c48px8?entry=ttu&g_ep=EgoyMDI1MDUxMi4wIKXMDSoASAFQAw%3D%3D",2.6946309,98.6900209
RedDoorz @ Pariban Homestay Parbaba,https://pix8.agoda.net/hotelImages/36919792/-1/132b4f4cc4de8dc2f22098bf92c7c7f2.jpg?ce=0&s=450x450,"Samosir West, Samosir",7.5,92,152386,"https://www.google.com/maps/place/RedDoorz+@+Pariban+Homestay+Parbaba/@2.6952564,98.6918536,17z/data=!3m1!4b1!4m9!3m8!1s0x3031c705be213391:0xc4318f146ac7428!5m2!4m1!1i2!8m2!3d2.6952564!4d98.6918536!16s%2Fg%2F11k517jtr4?entry=ttu&g_ep=EgoyMDI1MDUxMi4wIKXMDSoASAFQAw%3D%3D",2.6952564,98.6918536
Toba Beach Hotel,https://pix8.agoda.net/hotelImages/29853243/0/9007f1984cbe6020417974e9c81894e4.jpeg?ce=0&s=450x450,"Samosir West, Samosir",8.4,215,544032,"https://www.google.com/maps/place/Toba+Beach+Hotel/@2.6398366,98.8726734,17z/data=!4m9!3m8!1s0x3031e9a4673c3003:0x6c63ab4d3faa7aa5!5m2!4m1!1i2!8m2!3d2.6398366!4d98.8726734!16s%2Fg%2F11clhshm30?entry=ttu&g_ep=EgoyMDI1MDUxMi4wIKXMDSoASAFQAw%3D%3D",2.6398366,98.8726734
RedDoorz Plus @ Vantas Hotel Parbaba,https://pix8.agoda.net/hotelImages/23091345/-1/af718f0c11a5dd0d065a1b1f93f4524e.jpg?ca=17&ce=1&s=450x450,"Samosir West, Samosir",8.4,190,266977,"https://www.google.com/maps/place/RedDoorz+Plus+@+Vantas+Hotel+Parbaba/@2.710718,98.6888079,17z/data=!4m10!3m9!1s0x3031c7755de3b7e1:0x881871de09188549!5m3!1s2025-05-20!4m1!1i2!8m2!3d2.7107126!4d98.6913828!16s%2Fg%2F11qg8bx0yh?entry=ttu&g_ep=EgoyMDI1MDUxMy4xIKXMDSoASAFQAw%3D%3D",2.710718,98.6888079
Toledo Inn,https://pix8.agoda.net/hotelImages/25688802/-1/089740c117543b4b772e9021095a3988.jpg?ca=28&ce=0&s=450x450,"Samosir West, Samosir",8.1,348,532734,"https://www.google.com/maps/place/Toledo+Inn/@2.6774856,98.8522248,17z/data=!3m1!4b1!4m9!3m8!1s0x3031ea1bf5b27099:0x424f7c2d2d7fa0d2!5m2!4m1!1i2!8m2!3d2.6774856!4d98.8522248!16s%2Fg%2F1pzr7xr99?entry=ttu&g_ep=EgoyMDI1MDUxMi4wIKXMDSoASAFQAw%3D%3D",2.6774856,98.8522248
Anju Cottage,https://pix8.agoda.net/hotelImages/850207/-1/9dd99d78d48f5458d7773437453d17ec.jpg?ca=7&ce=1&s=450x450,"Samosir West, Samosir",7.6,121,296407,"https://www.google.com/maps/search/Anju+Cottage,+Samosir+West,+Samosir/@2.6763197,98.8426451,15z/data=!3m1!4b1?entry=ttu&g_ep=EgoyMDI1MDUxMi4wIKXMDSoASAFQAw%3D%3D",2.6763197,98.8426451
SONY COTTAGE,https://pix8.agoda.net/hotelImages/38776688/0/bbe0d0c7ee40e9ed7aae9cdcc708626a.jpg?ce=0&s=450x450,"Samosir West, Samosir",7.0,111,113607,"https://www.google.com/maps/place/Sony+Cottage+Samosir/@2.6766728,98.8442337,17z/data=!3m1!4b1!4m9!3m8!1s0x3031ea0fa38e73c7:0x456040e62bb2e863!5m2!4m1!1i2!8m2!3d2.6766728!4d98.8442337!16s%2Fg%2F11c54bpt_n?entry=ttu&g_ep=EgoyMDI1MDUxMi4wIKXMDSoJLDEwMjExNDU1SAFQAw%3D%3D",2.6766728,98.8442337
OYO 2382 Wisata Hotel,https://pix8.agoda.net/hotelImages/11016304/-1/063da484d9e340647b8f1b7e9a1bcdd3.jpg?ca=10&ce=1&s=450x450,"Samosir West, Samosir",7.8,86,313956,"https://www.google.com/maps/place/OYO+2382+Wisata+Hotel/@2.6082367,98.6968138,19.81z/data=!4m10!3m9!1s0x3031c5220b69d17d:0x7988a6785f2da69a!5m3!1s2025-05-20!4m1!1i2!8m2!3d2.6081784!4d98.6967456!16s%2Fg%2F1pzwshptz?entry=ttu&g_ep=EgoyMDI1MDUxMy4xIKXMDSoASAFQAw%3D%3D",2.6082367,98.6968138
Leokap Homestay,https://q-xx.bstatic.com/xdata/images/hotel/max500/192945238.jpg?k=faca7f1501990b392a45989c328f324652bdf026704091a24174d5d66b007e9a&s=450x450,"Samosir West, Samosir",8.5,385,210073,"https://www.google.com/maps/place/Leokap+Homestay/@2.671627,98.8586203,17z/data=!4m10!3m9!1s0x3031eb6184981ec1:0x3848d6f7435aeac6!5m3!1s2025-05-20!4m1!1i2!8m2!3d2.6716216!4d98.8611952!16s%2Fg%2F11h6r1x4pt?entry=ttu&g_ep=EgoyMDI1MDUxMy4xIKXMDSoASAFQAw%3D%3D",2.671627,98.8586203
Bagus Bay Guest House,https://pix8.agoda.net/hotelImages/6998867/-1/270fcab558813efd1ceb1a6496397964.jpg?ca=9&ce=1&s=450x450,"Samosir West, Samosir",7.8,273,131802,"https://www.google.com/maps/place/Bagus+Bay+Guest+House/@2.6699238,98.8550645,17z/data=!3m1!4b1!4m9!3m8!1s0x3031ea1bf51a1bf9:0xec9bab1c16e739cb!5m2!4m1!1i2!8m2!3d2.6699238!4d98.8550645!16s%2Fg%2F1pztmhfbq?entry=ttu&g_ep=EgoyMDI1MDUxMi4wIKXMDSoASAFQAw%3D%3D",2.6699238,98.8550645
Thyesza Hotel,https://pix8.agoda.net/hotelImages/46867686/-1/ce4e6cc3a6bebabd0debcff89f092922.png?ce=0&s=450x450,"Samosir West, Samosir",7.9,82,370422,"https://www.google.com/maps/place/Thyesza+Hotel+Resort/@2.6936495,98.8210098,17z/data=!3m1!4b1!4m9!3m8!1s0x3031c1fb59611473:0xe795322978b41ea2!5m2!4m1!1i2!8m2!3d2.6936495!4d98.8210098!16s%2Fg%2F11btm8wbx7?entry=ttu&g_ep=EgoyMDI1MDUxMi4wIKXMDSoASAFQAw%3D%3D",2.6936495,98.8210098
Hub Tata Guesthouse,https://q-xx.bstatic.com/xdata/images/hotel/max500/466893672.jpg?k=37136e155cae3c52209fc161d21fddf8e456d755f26519b03d5ed651f64f632e&s=450x450,"Samosir West, Samosir",9.1,263,348998,"https://www.google.com/maps/place/HuB+Tata+-+Cafe+%26+Guesthouse/@2.6772653,98.8507506,17z/data=!3m1!4b1!4m9!3m8!1s0x3031eb28048d3327:0xfd7cd70198bd3a94!5m2!4m1!1i2!8m2!3d2.6772653!4d98.8507506!16s%2Fg%2F11kjcs1h23?entry=ttu&g_ep=EgoyMDI1MDUxMi4wIKXMDSoASAFQAw%3D%3D",2.6772653,98.8507506
TAMA VIEW,https://pix8.agoda.net/hotelImages/32331950/0/b922d954189fbc74aebea9e90c85dbea.jpg?ce=0&s=450x450,"Samosir West, Samosir",8.3,98,290563,"https://www.google.com/maps/place/TAMA+VIEW+Bed+%26+Breakfast/@2.6763756,98.8486638,17z/data=!4m10!3m9!1s0x3031eb66648eb649:0xa701f3a0376f33ca!5m3!1s2025-05-20!4m1!1i2!8m2!3d2.6763702!4d98.8512387!16s%2Fg%2F11rzbvhfyy?entry=ttu&g_ep=EgoyMDI1MDUxMy4xIKXMDSoASAFQAw%3D%3D",2.6763756,98.8486638
Juma Cottage,https://q-xx.bstatic.com/xdata/images/hotel/max500/379545057.jpg?k=dba72d7846b01beda978a26b8589b22c80b6cfa8458acbc8e847e53b8039d91e&s=450x450,"Samosir West, Samosir",8.9,179,800000,"https://www.google.com/maps/place/Juma+Cottages/@2.6735005,98.8507567,17z/data=!3m1!4b1!4m9!3m8!1s0x3031ea1bf9a87c81:0x14f58ee581178392!5m2!4m1!1i2!8m2!3d2.6735005!4d98.8507567!16s%2Fg%2F11j22x6b0b?entry=ttu&g_ep=EgoyMDI1MDUxMi4wIKXMDSoASAFQAw%3D%3D",2.6735005,98.8507567
RedDoorz @ Sihole Paradise Inn Parbaba,https://pix8.agoda.net/hotelImages/41581738/0/7d18c1377954b8d08c7aca32c63503d0.jpeg?ce=0&s=450x450,"Samosir West, Samosir",8.5,101,147689,"https://www.google.com/maps/place/RedDoorz+@+Sihole+Paradise+Inn+Parbaba/@2.7014794,98.6920715,17z/data=!4m9!3m8!1s0x3031c70cd356d3bb:0x236f9036920df511!5m2!4m1!1i2!8m2!3d2.7014794!4d98.6920715!16s%2Fg%2F11ssdp_rhq?entry=ttu&g_ep=EgoyMDI1MDUxMi4wIKXMDSoASAFQAw%3D%3D",2.7014794,98.6920715
Janji Maria Cottage,https://q-xx.bstatic.com/xdata/images/hotel/max500/652539092.jpg?k=0886b6ceef698263ba8fcfbdd4dd52680ccc47f889267241d2e03d91095989f3&s=450x450,"Samosir West, Samosir",8.4,3,722834,"https://www.google.com/maps/place/Janji+Maria+Cottage/@2.6790203,98.8419137,17z/data=!3m1!4b1!4m9!3m8!1s0x3031eb00516764f1:0xf8fdf265f3673840!5m2!4m1!1i2!8m2!3d2.6790203!4d98.8419137!16s%2Fg%2F11wxfk3zfw?entry=ttu&g_ep=EgoyMDI1MDUxMi4wIKXMDSoJLDEwMjExNDUzSAFQAw%3D%3D",2.6790203,98.8419137
Tabo Cottages,https://pix8.agoda.net/hotelImages/50028433/0/f1c65b1ad4d84fcd0b181b3d83972746.jpg?ce=0&s=450x450,"Samosir West, Samosir",9.0,60,146281,"https://www.google.com/maps/place/Tabo+Cottages/@2.6703569,98.8559241,17z/data=!3m1!4b1!4m9!3m8!1s0x3031eea4c4893d8d:0xddac01e076ea3756!5m2!4m1!1i2!8m2!3d2.6703569!4d98.8559241!16s%2Fg%2F1pzrvhytx?entry=ttu&g_ep=EgoyMDI1MDUxMi4wIKXMDSoASAFQAw%3D%3D",2.6703569,98.8559241
Sibayak Guesthouse,https://q-xx.bstatic.com/xdata/images/hotel/max500/155299938.jpg?k=2e7fd57f80f15c2de0b51242a54722761c22fbe11e84f00a8a165c6dee5ed6a2&s=450x450,"Samosir West, Samosir",7.9,135,80110,"https://www.google.com/maps/search/Sibayak+Guesthouse,+Samosir+West,+Samosir/@2.6736484,98.8514864,17z/data=!3m1!4b1?entry=ttu&g_ep=EgoyMDI1MDUxMy4xIKXMDSoASAFQAw%3D%3D",2.6736484,98.8514864
Antony Homestay near Pantai Pasir Putih Parbaba Mitra RedDoorz,https://pix8.agoda.net/hotelImages/41998051/0/bfde13b64a91cfae2798ea46c8c992ec.jpeg?ce=0&s=450x450,"Samosir West, Samosir",7.8,46,112096,"https://www.google.com/maps/place/Antony+Homestay+near+Pantai+Pasir+Putih+Parbaba+RedPartner/@2.701589,98.6920285,17z/data=!3m1!4b1!4m9!3m8!1s0x3031c71f0c30342b:0xd875e748e9b372bb!5m2!4m1!1i2!8m2!3d2.701589!4d98.6920285!16s%2Fg%2F11k494xmrr?entry=ttu&g_ep=EgoyMDI1MDUxMi4wIKXMDSoASAFQAw%3D%3D",2.701589,98.6920285
JTS Hotel,https://pix8.agoda.net/hotelImages/51373011/0/f88dd36fe11ec5ede8f3e394c92bf5f6.png?ce=0&s=450x450,"Samosir West, Samosir",8.1,28,617905,"https://www.google.com/maps/place/JTS+Hotel/@2.6856827,98.6902805,17z/data=!4m9!3m8!1s0x3031c6684b1f3c61:0x9337b938ce64dfe0!5m2!4m1!1i2!8m2!3d2.6856827!4d98.6902805!16s%2Fg%2F11cn9n_yz5?entry=ttu&g_ep=EgoyMDI1MDUxMy4xIKXMDSoASAFQAw%3D%3D",2.6856827,98.6902805
Matraville Home Stay,https://pix8.agoda.net/hotelImages/64309485/0/1509b5aaaca24a575122ff8a82290327.jpeg?ce=0&s=450x450,"Samosir West, Samosir",9.2,21,416462,"https://www.google.com/maps/place/Matraville+Home+Stay+Tuk+Tuk+Lake+Toba/@2.6733261,98.8491635,17z/data=!3m1!4b1!4m9!3m8!1s0x3031eb934bd208cd:0x23dac2b1a6d8fe9c!5m2!4m1!1i2!8m2!3d2.6733261!4d98.8491635!16s%2Fg%2F11wv0t0r2p?entry=ttu&g_ep=EgoyMDI1MDUxMi4wIKXMDSoASAFQAw%3D%3D",2.6733261,98.8491635
Toba Retreat Mansion & Villas,https://pix8.agoda.net/hotelImages/51433645/0/63c8c008ae2f29ffb15986ddbe23f07f.jpg?ce=0&s=450x450,"Samosir West, Samosir",9.1,9,984345,"https://www.google.com/maps/place/TOBA+RETREAT+MANSION+AND+VILLAS/@2.6380585,98.8736038,17z/data=!3m1!4b1!4m9!3m8!1s0x3031e9a5c0e36495:0xde34509c2f5d0901!5m2!4m1!1i2!8m2!3d2.6380585!4d98.8736038!16s%2Fg%2F11d_x04p4v?entry=ttu&g_ep=EgoyMDI1MDUxMi4wIKXMDSoASAFQAw%3D%3D",2.6380585,98.8736038
Maruba Inn,https://pix8.agoda.net/hotelImages/58961931/0/7f53b3051437beaa5392d47e97bdecfd.jpg?ce=0&s=450x450,"Samosir West, Samosir",8.9,80,257455,"https://www.google.com/maps/place/Maruba+inn+tuk+tuk/@2.6748349,98.8578762,17z/data=!3m1!4b1!4m9!3m8!1s0x3031eb3e40b50073:0x7d708a354dfacd51!5m2!4m1!1i2!8m2!3d2.6748349!4d98.8578762!16s%2Fg%2F11w22jbct3?entry=ttu&g_ep=EgoyMDI1MDUxMi4wIKXMDSoASAFQAw%3D%3D",2.6748349,98.8578762
Abadi Guest House,https://pix8.agoda.net/hotelImages/1620753/0/6fde72f0e09818c36b440bcef5dc268e.jpg?ce=0&s=450x450,"Samosir West, Samosir",8.0,23,212856,"https://www.google.com/maps/place/ABADI+Guest+House/@2.6765427,98.8508586,17z/data=!3m1!4b1!4m9!3m8!1s0x3031ea1bf51a1bf9:0x8d7bdde29ae831ed!5m2!4m1!1i2!8m2!3d2.6765427!4d98.8508586!16s%2Fg%2F1pzrwfk1z?entry=ttu&g_ep=EgoyMDI1MDUxMi4wIKXMDSoASAFQAw%3D%3D",2.6765427,98.8508586
Talpe Villa,https://pix8.agoda.net/hotelImages/56205491/0/9d13c7235a53b8f94511f56b6993bab6.jpg?ce=0&s=450x450,"Samosir West, Samosir",8.6,15,263239,"https://www.google.com/maps/place/Talpe+villa/@2.6723731,98.8549019,17z/data=!3m1!4b1!4m9!3m8!1s0x3031eb001cdec43b:0xa4d37064636b9c1a!5m2!4m1!1i2!8m2!3d2.6723731!4d98.8549019!16s%2Fg%2F11w3x2k762?entry=ttu&g_ep=EgoyMDI1MDUxMi4wIKXMDSoJLDEwMjExNDU1SAFQAw%3D%3D",2.6723731,98.8549019
Matahari Guest House,https://q-xx.bstatic.com/xdata/images/hotel/max500/582563966.jpg?k=ca0a3e40cc2fd1c5fab8220ed1a450ba923f869baf64f22b99076b2cc9d6f428&s=450x450,"Samosir West, Samosir",8.7,18,171776,"https://www.google.com/maps/place/Matahari+guest+house/@2.67182,98.8608797,17z/data=!4m9!3m8!1s0x3031eb21b7635983:0xfc0fb634ff07da8!5m2!4m1!1i2!8m2!3d2.67182!4d98.8608797!16s%2Fg%2F11my0fz3dw?entry=ttu&g_ep=EgoyMDI1MDUxMi4wIKXMDSoASAFQAw%3D%3D",2.67182,98.8608797
OYO 1694 Pariban Homestay,https://pix8.agoda.net/hotelImages/10158659/-1/181c37945ed1d4b126ce5ef35d1a4032.jpg?ca=9&ce=1&s=450x450,"Samosir West, Samosir",7.7,35,171509,"https://www.google.com/maps/place/OYO+1694+Pariban+Homestay/@2.6960618,98.6915695,17z/data=!3m1!4b1!4m9!3m8!1s0x3031c76e12f14ad7:0x59f7802a0dcd2ba2!5m2!4m1!1i2!8m2!3d2.6960618!4d98.6915695!16s%2Fg%2F11fr3jprfy?entry=ttu&g_ep=EgoyMDI1MDUxMy4xIKXMDSoASAFQAw%3D%3D",2.6960618,98.6915695
Sophies Apartment Tuktuk,https://q-xx.bstatic.com/xdata/images/hotel/max500/654457575.jpg?k=ad96d5878715d3731ed157a7eab7bfabd207bae9987e4e103585ac5eddf7117f&s=450x450,"Samosir West, Samosir",8.8,16,387386,"https://www.google.com/maps/place/SOPHIE's/@2.6703484,98.8568023,17z/data=!3m1!4b1!4m6!3m5!1s0x3031e9c2621f4a89:0xe0a1286809997394!8m2!3d2.6703484!4d98.8568023!16s%2Fg%2F11ff0gjg9f?entry=ttu&g_ep=EgoyMDI1MDUxMi4wIKXMDSoASAFQAw%3D%3D",2.6703484,98.8568023
Marroan Acc,https://q-xx.bstatic.com/xdata/images/hotel/max500/568843785.jpg?k=4b613e9350c768e0d02a26e4811202719bcb615fa6ae684f04a684b1c06a1b4b&s=450x450,"Samosir West, Samosir",8.9,15,165732,"https://www.google.com/maps/place/Marroan+Acc/@2.6728568,98.8606748,17z/data=!3m1!4b1!4m6!3m5!1s0x3031ea1bf51a1bf9:0xa5eb17efb02a04d1!8m2!3d2.6728568!4d98.8606748!16s%2Fg%2F1pzs83rgq?entry=ttu&g_ep=EgoyMDI1MDUxMi4wIKXMDSoJLDEwMjExNDU1SAFQAw%3D%3D",2.6728568,98.8606748
UNIQDO Inn Tomok,https://q-xx.bstatic.com/xdata/images/hotel/max500/606533184.jpg?k=96b192e0bdd93be45a968c45df45a00a36ea8c520f44f1446b71a5370f97e6ca&s=450x450,"Samosir West, Samosir",7.2,4,262189,"https://www.google.com/maps/place/UNIQDO+INN+TOMOK/@2.6454491,98.854413,17z/data=!3m1!4b1!4m9!3m8!1s0x3031e94a7ef8aed1:0x256d1d2b16fabdf8!5m2!4m1!1i2!8m2!3d2.6454491!4d98.854413!16s%2Fg%2F11vlrg72cl?entry=ttu&g_ep=EgoyMDI1MDUxMi4wIKXMDSoJLDEwMjExNDUzSAFQAw%3D%3D",2.6454491,98.854413
Ruma Kaca Simanindo Bed&Breakfast,https://q-xx.bstatic.com/xdata/images/hotel/max500/548655840.jpg?k=4edf1717e7efb7076628cfa3d1bc3dcb8cbdb218625abdad11b14c6ccd3ad85a&s=450x450,"Samosir West, Samosir",9.4,50,953118,"https://www.google.com/maps/search/Ruma+Kaca+Simanindo+Bed%26Breakfast,+Samosir+West,+Samosir/@2.7115646,98.802778,13z/data=!3m1!4b1?entry=ttu&g_ep=EgoyMDI1MDUxMi4wIKXMDSoJLDEwMjExNDUzSAFQAw%3D%3D",2.7115646,98.802778
the Aljulens Homestay,https://q-xx.bstatic.com/xdata/images/hotel/max500/645686720.jpg?k=380f0dae5098d4425cfe5cf305ee2fb5105380253e8feaf0837f2ead8797399f&s=450x450,"Samosir West, Samosir",8.8,3,223599,"https://www.google.com/maps/place/the+Aljulens+Homestay/@2.6593094,98.6878095,17z/data=!4m9!3m8!1s0x3031c56eba9a0d51:0xad87530ae3910934!5m2!4m1!1i2!8m2!3d2.6593094!4d98.6878095!16s%2Fg%2F11l_2j7rh1?entry=ttu&g_ep=EgoyMDI1MDUxMi4wIKXMDSoASAFQAw%3D%3D",2.6593094,98.6878095
Lopo Hotel and Resort,https://pix8.agoda.net/hotelImages/69426580/0/1d661e5033f97440bd187cc741bce590.jpg?ce=2&s=450x450,"Samosir West, Samosir",9.1,288,711245,"https://www.google.com/maps/place/LOPO+Hotel+and+Resort/@2.6490273,98.8662984,17z/data=!3m1!4b1!4m9!3m8!1s0x3031e996568c0447:0x44f525d921768032!5m2!4m1!1i2!8m2!3d2.6490273!4d98.8662984!16s%2Fg%2F11c3symtqw?entry=ttu&g_ep=EgoyMDI1MDUxMi4wIKXMDSoASAFQAw%3D%3D",2.6490273,98.8662984
Casmel Escape Hostel,https://q-xx.bstatic.com/xdata/images/hotel/max500/631521729.jpg?k=d711f8d8b3c84c4f75be9aa56f4a135254880faeb0288543e12ebfd47a537e14&s=450x450,"Tongging, Samosir",10.0,2,241089,"https://www.google.com/maps/search/Casmel+Escape+Hostel,+Tongging,+Samosir/@2.6419955,98.6964462,10z/data=!3m1!4b1?entry=ttu&g_ep=EgoyMDI1MDUxMi4wIKXMDSoJLDEwMjExNDU1SAFQAw%3D%3D",2.6419955,98.6964462
Penginapan Daeng Homestay,https://q-xx.bstatic.com/xdata/images/hotel/max500/651364618.jpg?k=1b2d41103b0786162426b8bcd7a7b372b9185adb9efa0b8afc4d1bf9b2e2e5a8&s=450x450,"Samosir West, Samosir",5.1,3,1158855,"https://www.google.com/maps/place/DAENG+HOMESTAY/@2.6348913,98.6927055,17z/data=!3m1!4b1!4m9!3m8!1s0x3031c50036586fad:0xd38717b1c6b01a33!5m2!4m1!1i2!8m2!3d2.6348913!4d98.6927055!16s%2Fg%2F11wv3_dzp5?entry=ttu&g_ep=EgoyMDI1MDUxMi4wIKXMDSoASAFQAw%3D%3D",2.6348913,98.6927055
Blesshomestay Samosir,https://q-xx.bstatic.com/xdata/images/hotel/max500/290176982.jpg?k=3d9757d59be479408c43a8be94b9cfb438b2943f30b050979605d91a2b99db30&s=450x450,"Samosir West, Samosir",8.8,39,1294030,"https://www.google.com/maps/place/BLESS+HOMESTAY/@2.6839284,98.6909181,17z/data=!3m1!4b1!4m9!3m8!1s0x3031c7ed5685fde7:0x25bbd8b124343d6c!5m2!4m1!1i2!8m2!3d2.6839284!4d98.6909181!16s%2Fg%2F11qsf3qn87?entry=ttu&g_ep=EgoyMDI1MDUxMy4xIKXMDSoASAFQAw%3D%3D",2.6839284,98.6909181
Hotel Barbara,https://q-xx.bstatic.com/xdata/images/hotel/max500/516250221.jpg?k=72699f7e5192f93f34450164c891c9602188fcfeeeb87e37edf86bc88f6b4090&s=450x450,"Samosir West, Samosir",8.6,76,292236,"https://www.google.com/maps/place/Hotel+Barbara/@2.693121,98.8208329,17z/data=!3m1!4b1!4m9!3m8!1s0x3031c1c4350165eb:0xcf1cfd9a18b7fe2e!5m2!4m1!1i2!8m2!3d2.693121!4d98.8208329!16s%2Fg%2F11c0qz0ffg?entry=ttu&g_ep=EgoyMDI1MDUxMi4wIKXMDSoJLDEwMjExNDUzSAFQAw%3D%3D",2.693121,98.8208329
Horas Family Home,https://pix8.agoda.net/hotelImages/853381/-1/ba053784d0e9c3e5f60834f7a56d5392.jpg?ca=13&ce=1&s=450x450,"Samosir West, Samosir",9.3,133,1239669,"https://www.google.com/maps/place/Horas+Family+Home/@2.6703837,98.8524383,17z/data=!4m10!3m9!1s0x3031ea1edc04fabf:0x1e9493e89a1262c8!5m3!1s2025-05-20!4m1!1i2!8m2!3d2.6703783!4d98.8550132!16s%2Fg%2F11f4wt45j1?entry=ttu&g_ep=EgoyMDI1MDUxMy4xIKXMDSoASAFQAw%3D%3D",2.6703837,98.8524383
Balian Camp,https://pix8.agoda.net/hotelImages/31265287/-1/2593208f498f6c6ca80912d7a4daa656.jpg?ca=29&ce=0&s=450x450,"Samosir West, Samosir",8.8,2,253230,"https://www.google.com/maps/place/Balian+Camp/@2.6781166,98.8412797,17z/data=!3m1!4b1!4m6!3m5!1s0x3031ea08cf44dc4d:0x1415d2b2e3ce3bf!8m2!3d2.6781166!4d98.8412797!16s%2Fg%2F11gfnb7z3r?entry=ttu&g_ep=EgoyMDI1MDUxMi4wIKXMDSoASAFQAw%3D%3D",2.6781166,98.8412797
Mandala Homestay Samosir,https://pix8.agoda.net/hotelImages/68931261/0/6d68b6a4be733ebe033c9f1ea26c3be8.jpg?ce=2&s=450x450,"Samosir West, Samosir",9.9,6,232709,"https://www.google.com/maps/place/Mandala+Motel+Homestay+pangururan/@2.60453,98.7018895,10z/data=!4m6!3m5!1s0x3031c500182e6dc7:0xcf47e8a940e0307a!8m2!3d2.6045015!4d98.7019071!16s%2Fg%2F11v_64ks_h?entry=ttu&g_ep=EgoyMDI1MDUxMy4xIKXMDSoASAFQAw%3D%3D",2.60453,98.7018895
Hisar Guest House,https://q-xx.bstatic.com/xdata/images/hotel/max500/505532323.jpg?k=4595f7fd6ed032f668511f6ab54fa389c5b642b6a195a5b11e53f5eda96a08f8&s=450x450,"Samosir West, Samosir",8.7,49,301928,"https://www.google.com/maps/place/Hisar's+Guest+House/@2.6722072,98.861189,21z/data=!4m10!3m9!1s0x3031ea23c9587883:0xbb6773d7177a9bd8!5m3!1s2025-05-20!4m1!1i2!8m2!3d2.6722898!4d98.8613202!16s%2Fg%2F11bc7pzgs3?entry=ttu&g_ep=EgoyMDI1MDUxMy4xIKXMDSoASAFQAw%3D%3D",2.6722072,98.861189
Toba Boi,https://q-xx.bstatic.com/xdata/images/hotel/max500/338853888.jpg?k=b8359095026591c3a8fdb146f79f075d63db644fa553cf021fb7f59d3a7e2906&s=450x450,"Samosir West, Samosir",9.6,12,145200,"https://www.google.com/maps/place/TOBA+BOI/@2.6733754,98.852383,17z/data=!4m10!3m9!1s0x3031eb0036a0ba2b:0xdaa83770679d730b!5m3!1s2025-05-20!4m1!1i2!8m2!3d2.6732932!4d98.8524448!16s%2Fg%2F11lcqxfn9k?entry=ttu&g_ep=EgoyMDI1MDUxMy4xIKXMDSoASAFQAw%3D%3D",2.6733754,98.852383
Bernard's Guest Houses,https://q-xx.bstatic.com/xdata/images/hotel/max500/533077674.jpg?k=b2dd35b33ab2492be0af2515bff4b52196e499925e1a3cbb8807113b38fc6cd9&s=450x450,"Samosir West, Samosir",8.9,91,187942,"https://www.google.com/maps/place/Bernard+Guest+House/@2.6719857,98.8581579,17z/data=!4m10!3m9!1s0x3031ea1bf51a1bf9:0x60a8bc5fb5ad290f!5m3!1s2025-05-20!4m1!1i2!8m2!3d2.6719803!4d98.8607328!16s%2Fg%2F1pztj0mgp?entry=ttu&g_ep=EgoyMDI1MDUxMy4xIKXMDSoASAFQAw%3D%3D",2.6719857,98.8581579
Arthuro Homestay,https://pix8.agoda.net/hotelImages/69247809/0/31157327ce3be6c4d33aa2bb9e947d0b.jpg?ce=2&s=450x450,"Samosir West, Samosir",9.9,2,363064,"https://www.google.com/maps/place/Arthuro+Homestay/@2.655575,98.6875944,17z/data=!4m9!3m8!1s0x3031c5002ccf2adb:0x562d28361bb4e9da!5m2!4m1!1i2!8m2!3d2.655575!4d98.6875944!16s%2Fg%2F11x65bk_9j?entry=ttu&g_ep=EgoyMDI1MDUxMi4wIKXMDSoJLDEwMjExNDUzSAFQAw%3D%3D",2.655575,98.6875944
Blessed Guest House,https://q-xx.bstatic.com/xdata/images/hotel/max500/641890852.jpg?k=1e74775e849a315aac74c96e2c209c3672c7ee816aae27858ef49b5aee21a3ee&s=450x450,"Samosir West, Samosir",9.1,44,147260,"https://www.google.com/maps/place/BLESS+HOMESTAY/@2.6839284,98.6909181,17z/data=!4m9!3m8!1s0x3031c7ed5685fde7:0x25bbd8b124343d6c!5m2!4m1!1i2!8m2!3d2.6839284!4d98.6909181!16s%2Fg%2F11qsf3qn87?entry=ttu&g_ep=EgoyMDI1MDUxMi4wIKXMDSoASAFQAw%3D%3D",2.6839284,98.6909181
Tobay Family Home,https://q-xx.bstatic.com/xdata/images/hotel/max500/508302079.jpg?k=689e1555d78875100a3b6d053a66e3b4f1b75e0da4e3dc100596512105063b0c&s=450x450,"Samosir West, Samosir",9.0,24,768961,"https://www.google.com/maps/search/Tobay+Family+Home,+Samosir+West,+Samosir/@2.6827649,98.7724856,13z/data=!3m1!4b1?entry=ttu&g_ep=EgoyMDI1MDUxMi4wIKXMDSoASAFQAw%3D%3D",2.6827649,98.7724856
Annaâ€™S,https://pix8.agoda.net/hotelImages/36961839/0/0d1456ca6ef7bb27634873c9f513c67d.jpg?ce=0&s=450x450,"Samosir West, Samosir",8.1,8,303650,"https://www.google.com/maps/place/ANNAS+RENTAL+MOTOR,+SEPEDA+%26PENGINAPAN/@2.6695377,98.860741,3a,75y,90t/data=!3m8!1e2!3m6!1sAF1QipN9mTAuIaNq_P2fJdb0vxbF3f2pVOmKDwMCaA6f!2e10!3e12!6shttps:%2F%2Flh3.googleusercontent.com%2Fp%2FAF1QipN9mTAuIaNq_P2fJdb0vxbF3f2pVOmKDwMCaA6f%3Dw152-h86-k-no!7i4032!8i2268!4m7!3m6!1s0x3031ebdc75c46075:0x442cf3aae2c1a4fc!8m2!3d2.669571!4d98.8606138!10e5!16s%2Fg%2F11gv126smr?entry=ttu&g_ep=EgoyMDI1MDUxMy4xIKXMDSoASAFQAw%3D%3D",2.6695377,98.860741
Donny Guesthouse,https://q-xx.bstatic.com/xdata/images/hotel/max500/622125079.jpg?k=cd161f9d894290d2e9cd4ecc519f6c7ea06a88087692af7cea549f892c7bc711&s=450x450,"Samosir West, Samosir",2.0,1,450819,"https://www.google.com/maps/place/Donny%E2%80%99s+Guest+House/@2.6733125,98.8485625,17z/data=!3m1!4b1!4m9!3m8!1s0x3031ebb1ad14cf5d:0xa99663d2c6603163!5m2!4m1!1i2!8m2!3d2.6733125!4d98.8485625!16s%2Fg%2F11jygd5v54?entry=ttu&g_ep=EgoyMDI1MDUxMi4wIKXMDSoASAFQAw%3D%3D",2.6733125,98.8485625
Balian Camp penginapan,https://q-xx.bstatic.com/xdata/images/hotel/max500/355102287.jpg?k=a83dc09fe34a227731ed81029259344fd56aaa6cda080e2579b7c8884eb23f3b&s=450x450,"Samosir West, Samosir",8.9,4,296746,"https://www.google.com/maps/place/Balian+Camp/@2.6781166,98.8412797,17z/data=!3m1!4b1!4m6!3m5!1s0x3031ea08cf44dc4d:0x1415d2b2e3ce3bf!8m2!3d2.6781166!4d98.8412797!16s%2Fg%2F11gfnb7z3r?entry=ttu&g_ep=EgoyMDI1MDUxMy4xIKXMDSoASAFQAw%3D%3D",2.6781166,98.8412797
Summa Terra,https://q-xx.bstatic.com/xdata/images/hotel/max500/591423644.jpg?k=0300a2920585cdc465b53e609ea090375f1042ee0e1719bf909609c232b82f4a&s=450x450,"Samosir West, Samosir",9.6,3,927743,"https://www.google.com/maps/place/Summa+Terra/@2.6759699,98.8552959,17z/data=!3m1!4b1!4m6!3m5!1s0x3031eb72719ae4cb:0xa04b1a5feec78da4!8m2!3d2.6759645!4d98.8578708!16s%2Fg%2F11g4dt3wtz?entry=ttu&g_ep=EgoyMDI1MDUxMy4xIKXMDSoASAFQAw%3D%3D",2.6759699,98.8552959
Marlin Homestay,https://pix8.agoda.net/hotelImages/30120617/0/f4a9a006d46f10d45138f37e98223938.jpeg?ce=0&s=450x450,"Samosir West, Samosir",6.6,5,1370826,"https://www.google.com/maps/place/Marlin+Homestay/@2.6571894,98.7131078,12.47z/data=!4m10!3m9!1s0x3031c7f5e713ebeb:0x277719fb3f70ecf1!5m3!1s2025-05-20!4m1!1i2!8m2!3d2.7441036!4d98.7106126!16s%2Fg%2F11smf11mhp?entry=ttu&g_ep=EgoyMDI1MDUxMy4xIKXMDSoASAFQAw%3D%3D",2.6571894,98.7131078
"Bobocabin Patra Parapat, Toba",https://pix8.agoda.net/hotelImages/55578671/-1/bed0b2f53eb7fd8bb65a0d759bf3ae3a.jpg?ce=0&s=450x450,"Girsang Sipangan Bolon, Parapat",8.9,94,917044,"https://www.google.com/maps/place/Bobocabin+Patra+Parapat,+Toba/@2.694479,98.917981,17z/data=!3m1!4b1!4m9!3m8!1s0x3031edae54cdf4d5:0xe73f5064d60d6128!5m2!4m1!1i2!8m2!3d2.694479!4d98.917981!16s%2Fg%2F11vzrd0r2m?entry=ttu&g_ep=EgoyMDI1MDUxMi4wIKXMDSoASAFQAw%3D%3D",2.694479,98.917981
Hotel Niagara Parapat,https://pix8.agoda.net/hotelImages/151/1517209/1517209_16092810160047026685.jpg?ca=6&ce=1&s=450x450,"Girsang Sipangan Bolon, Parapat",8.8,854,852574,"https://www.google.com/maps/place/Hotel+Niagara+Parapat/@2.661581,98.9412022,17z/data=!3m1!4b1!4m10!3m9!1s0x3031eea4c30b77af:0x230acd63c8670d96!5m3!1s2025-05-20!4m1!1i2!8m2!3d2.6615756!4d98.9437771!16s%2Fg%2F11bxg041c2?entry=ttu&g_ep=EgoyMDI1MDUxMy4xIKXMDSoASAFQAw%3D%3D",2.661581,98.9412022
Khas Parapat,https://pix8.agoda.net/hotelImages/72893/0/d4a7d12cb34bd85f968b42ffdb071eda.jpg?ce=0&s=450x450,"Girsang Sipangan Bolon, Parapat",8.4,1,629833,"https://www.google.com/maps/place/KHAS+Parapat+Hotel/@2.6653505,98.9309113,17z/data=!3m1!4b1!4m9!3m8!1s0x303131cc1c3eb801:0x79dc29da3b393e01!5m2!4m1!1i2!8m2!3d2.6653505!4d98.9309113!16s%2Fg%2F11_fbvk2s?entry=ttu&g_ep=EgoyMDI1MDUxMi4wIKXMDSoJLDEwMjExNDU1SAFQAw%3D%3D",2.6653505,98.9309113
Grand Tamaro Hotel,https://pix8.agoda.net/hotelImages/60135035/0/e0e6ec1a7bee454a16d3ad2346e0dd5e.jpg?ce=0&s=450x450,"Girsang Sipangan Bolon, Parapat",8.7,42,473868,"https://www.google.com/maps/place/Grand+Tamaro+Hotel/@2.6638657,98.933587,17z/data=!3m1!4b1!4m9!3m8!1s0x3031dacaf191ad57:0xf37c65773c155eed!5m2!4m1!1i2!8m2!3d2.6638657!4d98.933587!16s%2Fg%2F11b6dpwgwb?entry=ttu&g_ep=EgoyMDI1MDUxMi4wIKXMDSoASAFQAw%3D%3D",2.6638657,98.933587
Hotel 78 Parapat Mitra RedDoorz,https://pix8.agoda.net/hotelImages/17165424/-1/1c775ed07371961a407b6b2af6e9d18c.jpg?ce=0&s=450x450,"Girsang Sipangan Bolon, Parapat",8.0,323,101627,"https://www.google.com/maps/place/Hotel+78+Parapat+Mitra+RedDoorz/@2.668222,98.9429196,17z/data=!3m1!4b1!4m9!3m8!1s0x3031ed89e9486a0d:0x180a31246eac25a7!5m2!4m1!1i2!8m2!3d2.668222!4d98.9429196!16s%2Fg%2F11sdq0nfd_?entry=ttu&g_ep=EgoyMDI1MDUxMi4wIKXMDSoJLDEwMjExNDU1SAFQAw%3D%3D",2.668222,98.9429196
Sapadia Hotel Parapat,https://q-xx.bstatic.com/xdata/images/hotel/max500/669163238.jpg?k=2cef3202b6300c5471fbd292f9b58a504bbecb3142cd2f70ddadc0df30621973&s=450x450,"Girsang Sipangan Bolon, Parapat",7.5,73,241572,"https://www.google.com/maps/place/Sapadia+Hotel+and+Cottage+Parapat/@2.6625321,98.934217,17z/data=!4m10!3m9!1s0x3031eea6fe8a38c5:0xc85b28c91020f60d!5m3!1s2025-05-20!4m1!1i2!8m2!3d2.6625267!4d98.9367919!16s%2Fg%2F11xlz8xfj?entry=ttu&g_ep=EgoyMDI1MDUxMy4xIKXMDSoASAFQAw%3D%3D",2.6625321,98.934217
Parapat View Hotel,https://pix8.agoda.net/hotelImages/289522/-1/02bf26da34857b38b874d806338cee09.jpg?ca=7&ce=1&s=450x450,"Girsang Sipangan Bolon, Parapat",7.7,766,573287,"https://www.google.com/maps/place/The+Parapat+View+Hotel/@2.6658437,98.9360305,17z/data=!4m10!3m9!1s0x3031eeaf39623381:0xb19f0f4815d117c0!5m3!1s2025-05-20!4m1!1i2!8m2!3d2.6658383!4d98.9386054!16s%2Fg%2F11xl93dsb?entry=ttu&g_ep=EgoyMDI1MDUxMy4xIKXMDSoASAFQAw%3D%3D",2.6658437,98.9360305
Hotel O Parapat Near Dermaga Ajibata Formerly Pudan Residence 2,https://pix8.agoda.net/hotelImages/38072251/-1/d92ac41832345e18dc792863edb566aa.jpg?ce=0&s=450x450,"Girsang Sipangan Bolon, Parapat",7.5,61,64937,"https://www.google.com/maps/place/Pudan+Residence+2+by+Helocus/@2.6614452,98.9510839,17.52z/data=!4m14!1m2!2m1!1sHotel+O+Parapat+Near+Dermaga+Ajibata+Formerly+Pudan+Residence+2!3m10!1s0x3031ef0f7ecb20a9:0x65b7dcfc10cf818c!5m3!1s2025-05-20!4m1!1i2!8m2!3d2.6626694!4d98.9495137!15sCj9Ib3RlbCBPIFBhcmFwYXQgTmVhciBEZXJtYWdhIEFqaWJhdGEgRm9ybWVybHkgUHVkYW4gUmVzaWRlbmNlIDKSAQVob3RlbOABAA!16s%2Fg%2F11ty6s6lfq?entry=ttu&g_ep=EgoyMDI1MDUxMy4xIKXMDSoASAFQAw%3D%3D",2.6614452,98.9510839
Siantar Hotel Parapat,https://pix8.agoda.net/property/16823927/342036510/657bc0e9df93ba4ec2d68c9be72d7bf7.jpeg?s=450x450,"Girsang Sipangan Bolon, Parapat",7.9,104,351497,"https://www.google.com/maps/place/Siantar+Hotel+Parapat/@2.6703768,98.9351727,17z/data=!3m1!4b1!4m9!3m8!1s0x3031ec1e30cecdeb:0x51c2949ad6e48f01!5m2!4m1!1i2!8m2!3d2.6703768!4d98.9351727!16s%2Fg%2F1ts6ddnm?entry=ttu&g_ep=EgoyMDI1MDUxMy4xIKXMDSoASAFQAw%3D%3D",2.6703768,98.9351727
Tamado Cottages,https://pix8.agoda.net/hotelImages/4466840/-1/3ad409847cf633475250e58be7414775.jpg?ce=0&s=450x450,"Samosir West, Samosir",8.6,90,311581,"https://www.google.com/maps/place/Tamado+Cottages/@2.6766373,98.8528736,17z/data=!4m10!3m9!1s0x3031ea228905a3ff:0xaa89a4b92a21326b!5m3!1s2025-05-20!4m1!1i2!8m2!3d2.6766319!4d98.8554485!16s%2Fg%2F11f3sghwgj?entry=ttu&g_ep=EgoyMDI1MDUxMy4xIKXMDSoASAFQAw%3D%3D",2.6766373,98.8528736
Hotel Olibert Parapat Ajibata Mitra RedDoorz,https://pix8.agoda.net/hotelImages/28724696/0/9d766ad0a4493e9a34dff1d08db1fb3b.jpg?ca=23&ce=0&s=450x450,"Girsang Sipangan Bolon, Parapat",6.9,65,97303,"https://www.google.com/maps/place/Hotel+Olibert+Parapat+Ajibata+Mitra+RedDoorz/@2.6635404,98.93216,17z/data=!4m10!3m9!1s0x3031eea863e9fcfb:0xd5248a2bbb4cbd04!5m3!1s2025-05-20!4m1!1i2!8m2!3d2.663535!4d98.9347349!16s%2Fg%2F11fxx2d69d?entry=ttu&g_ep=EgoyMDI1MDUxMy4xIKXMDSoASAFQAw%3D%3D",2.6635404,98.93216
Valencia Homestay RedPartner,https://pix8.agoda.net/hotelImages/30649080/0/3628346827ed87dc254e996f2135e896.jpg?ca=27&ce=0&s=450x450,"Girsang Sipangan Bolon, Parapat",7.2,125,107595,"https://www.google.com/maps/place/Valencia+Homestay+Mitra+RedDoorz/@2.6626456,98.9350967,17z/data=!4m10!3m9!1s0x3031ef0183f6acad:0x99b660c3782c8cb7!5m3!1s2025-05-20!4m1!1i2!8m2!3d2.6626402!4d98.9376716!16s%2Fg%2F11rptdw6rz?entry=ttu&g_ep=EgoyMDI1MDUxMy4xIKXMDSoASAFQAw%3D%3D",2.6626456,98.9350967
Sanggam Aek Sere Hotel,https://pix8.agoda.net/hotelImages/68307860/0/b6d80c758b7ce0287e8b38edfa3d06b3.jpg?ce=2&s=450x450,"Girsang Sipangan Bolon, Parapat",10.0,1,298638,"https://www.google.com/maps/place/Hotel+Aek+Sere/@2.6642707,98.929686,17z/data=!3m1!4b1!4m9!3m8!1s0x3031eeaa2049c7c7:0xad4d732fe562e3d!5m2!4m1!1i2!8m2!3d2.6642707!4d98.929686!16s%2Fg%2F11btvg9z2_?entry=ttu&g_ep=EgoyMDI1MDUxMi4wIKXMDSoASAFQAw%3D%3D",2.6642707,98.929686
Collection O Gapura Hotel Near Parapat Penatapan Danau Toba,https://pix8.agoda.net/hotelImages/10624851/-1/c2ebaf871943a7cbbe73147b1d6c6142.jpg?ca=17&ce=1&s=450x450,"Girsang Sipangan Bolon, Parapat",7.7,221,162908,"https://www.google.com/maps/place/Collection+O+Gapura+Hotel+Near+Parapat+Penatapan+Danau+Toba/@2.6813506,98.9240772,17z/data=!4m10!3m9!1s0x3031edb3c805c3af:0xa4f1e9454fe371fb!5m3!1s2025-05-20!4m1!1i2!8m2!3d2.6813452!4d98.9266521!16s%2Fg%2F11hy9qgrr4?entry=ttu&g_ep=EgoyMDI1MDUxMy4xIKXMDSoASAFQAw%3D%3D",2.6813506,98.9240772
RedDoorz @ Sedayu 1 Parapat,https://pix8.agoda.net/hotelImages/10563714/0/3af84e982a498d812685eeb62950b751.jpg?ce=0&s=450x450,"Girsang Sipangan Bolon, Parapat",7.7,221,142716,"https://www.google.com/maps/place/RedDoorz+@+Parapat/@2.6670432,98.9415972,17z/data=!3m1!4b1!4m9!3m8!1s0x3031ed0ab0908241:0x3af05a3e8516cbf7!5m2!4m1!1i2!8m2!3d2.6670432!4d98.9415972!16s%2Fg%2F11j1mm1kz5?entry=ttu&g_ep=EgoyMDI1MDUxMi4wIKXMDSoASAFQAw%3D%3D",2.6670432,98.9415972
Sanggam Aek Sere,https://q-xx.bstatic.com/xdata/images/hotel/max500/664656747.jpg?k=5ef29d2ec29a353c47500a53ce53571e7ac54a785883f4d05dc2b8175d017573&s=450x450,"Girsang Sipangan Bolon, Parapat",6.4,4,376484,"https://www.google.com/maps/place/Hotel+Aek+Sere/@2.6642707,98.929686,17z/data=!4m9!3m8!1s0x3031eeaa2049c7c7:0xad4d732fe562e3d!5m2!4m1!1i2!8m2!3d2.6642707!4d98.929686!16s%2Fg%2F11btvg9z2_?entry=ttu&g_ep=EgoyMDI1MDUxMi4wIKXMDSoASAFQAw%3D%3D",2.6642707,98.929686
Patra Comfort Parapat,https://pix8.agoda.net/hotelImages/71967/-1/363bb8e266a490718bc9806c06dbcbad.jpg?ce=0&s=450x450,"Girsang Sipangan Bolon, Parapat",7.7,286,498080,"https://www.google.com/maps/place/Patra+Parapat+Hotel/@2.6957354,98.9152271,17z/data=!4m10!3m9!1s0x3031eb86fc54146d:0x7159e83351aeccd3!5m3!1s2025-05-20!4m1!1i2!8m2!3d2.69573!4d98.917802!16s%2Fg%2F1tdbz1tn?entry=ttu&g_ep=EgoyMDI1MDUxMy4xIKXMDSoASAFQAw%3D%3D",2.6957354,98.9152271
Pandu Lakeside Parapat Hotel,https://pix8.agoda.net/hotelImages/161738/-1/884cfa72aee233db20210114fd8cb5c4.jpg?ca=7&ce=1&s=450x450,"Girsang Sipangan Bolon, Parapat",7.6,708,334907,"https://www.google.com/maps/place/Hotel+Pandu+Lakeside+Parapat/@2.6646344,98.9351158,17z/data=!3m1!4b1!4m9!3m8!1s0x3031eea8179180e7:0xfb4e7666c21dfd30!5m2!4m1!1i2!8m2!3d2.6646344!4d98.9351158!16s%2Fg%2F1vh8mg7y?entry=ttu&g_ep=EgoyMDI1MDUxMi4wIKXMDSoASAFQAw%3D%3D",2.6646344,98.9351158
Hotel Grand Tamaro,https://pix8.agoda.net/hotelImages/31493883/0/09b31d2a66f8a8a97996934a92bed49b.jpg?ca=29&ce=0&s=450x450,"Girsang Sipangan Bolon, Parapat",8.7,7,461778,"https://www.google.com/maps/place/Grand+Tamaro+Hotel/@2.6638657,98.933587,17z/data=!3m1!4b1!4m9!3m8!1s0x3031dacaf191ad57:0xf37c65773c155eed!5m2!4m1!1i2!8m2!3d2.6638657!4d98.933587!16s%2Fg%2F11b6dpwgwb?entry=ttu&g_ep=EgoyMDI1MDUxMi4wIKXMDSoASAFQAw%3D%3D",2.6638657,98.933587
Star Beach Hotel,https://pix8.agoda.net/property/18966020/0/5c8eeb68e20144caaf37ec66c60cbb77.jpeg?ce=0&s=450x450,"Ajibata, Parapat",7.7,28,206331,"https://www.google.com/maps/place/Star+Beach+Hotel/@2.6517512,98.9281338,17z/data=!4m10!3m9!1s0x3031eeb144d1ae39:0xfdd797335f763965!5m3!1s2025-05-20!4m1!1i2!8m2!3d2.6517458!4d98.9307087!16s%2Fg%2F11c0vy9ltx?entry=ttu&g_ep=EgoyMDI1MDUxMy4xIKXMDSoASAFQAw%3D%3D",2.6517512,98.9281338
Atsari Hotel Parapat,https://pix8.agoda.net/property/15407175/343844573/54589e8cd73b555ac85d383c48214c43.jpeg?ce=0&s=450x450,"Girsang Sipangan Bolon, Parapat",8.8,69,571199,"https://www.google.com/maps/place/Atsari+Hotel/@2.6657988,98.9361515,17z/data=!3m1!4b1!4m9!3m8!1s0x3031ec1d570f66bb:0x92d4208246ace76!5m2!4m1!1i2!8m2!3d2.6657988!4d98.9361515!16s%2Fg%2F11cfb984t?entry=ttu&g_ep=EgoyMDI1MDUxMi4wIKXMDSoASAFQAw%3D%3D",2.6657988,98.9361515
Danau Toba International Cottage,https://pix8.agoda.net/hotelImages/305204/-1/50f00bc8dae0394e7dc8a55f377501cb.jpg?ca=9&ce=1&s=450x450,"Ajibata, Parapat",6.5,663,300494,"https://www.google.com/maps/place/Danau+Toba+International+Cottage+Parapat/@2.6395534,98.9341089,13.86z/data=!4m10!3m9!1s0x3031eea977d40851:0x4c008db88eff7d5c!5m3!1s2025-05-20!4m1!1i2!8m2!3d2.659602!4d98.931246!16s%2Fg%2F1pzrf1zht?entry=ttu&g_ep=EgoyMDI1MDUxMy4xIKXMDSoASAFQAw%3D%3D",2.6395534,98.9341089
Hermina Hotel,https://pix8.agoda.net/hotelImages/47890200/0/f1c03ab451d2dfa7ce27ec3570ebb18c.jpg?ce=0&s=450x450,"Girsang Sipangan Bolon, Parapat",7.5,33,363275,"https://www.google.com/maps/place/Capital+O+93393+Hermina+Hotel/@2.6649022,98.9315241,17z/data=!4m10!3m9!1s0x3031eea83e4cc401:0xb81569c15e0c7cbd!5m3!1s2025-05-20!4m1!1i2!8m2!3d2.6648968!4d98.934099!16s%2Fg%2F11c7hhhblb?entry=ttu&g_ep=EgoyMDI1MDUxMy4xIKXMDSoASAFQAw%3D%3D",2.6649022,98.9315241
Darma Agung Beach Hotel Parapat,https://pix8.agoda.net/hotelImages/407598/0/34aa72b59972d058394c719214d01c26.jpeg?ce=0&s=450x450,"Girsang Sipangan Bolon, Parapat",7.7,25,222566,"https://www.google.com/maps/place/Darma+Agung+Beach+Hotel/@2.664443,98.928933,17z/data=!3m1!4b1!4m9!3m8!1s0x3031ec204436c8af:0xb8a8d81bb0fa9f4!5m2!4m1!1i2!8m2!3d2.664443!4d98.928933!16s%2Fg%2F1pztxpxd3?entry=ttu&g_ep=EgoyMDI1MDUxMi4wIKXMDSoASAFQAw%3D%3D",2.664443,98.928933
RedDoorz @ Sedayu 2 Near Danau Toba Parapat,https://pix8.agoda.net/hotelImages/105/10559348/10559348_19110111430083015434.jpg?ca=13&ce=1&s=450x450,"Girsang Sipangan Bolon, Parapat",7.5,140,177711,"https://www.google.com/maps/place/RedDoorz+near+Danau+Toba+Parapat/@2.6703281,98.9319493,17z/data=!4m10!3m9!1s0x3031ec035eb49ead:0xee7fb5c05e0b7892!5m3!1s2025-05-20!4m1!1i2!8m2!3d2.6703227!4d98.9345242!16s%2Fg%2F11c5z_6wn0?entry=ttu&g_ep=EgoyMDI1MDUxMy4xIKXMDSoASAFQAw%3D%3D",2.6703281,98.9319493
Agape Hotel Haranggaol,https://q-xx.bstatic.com/xdata/images/hotel/max500/510859800.jpg?k=0c1b791cdc4839673bc5f3164bc0b3e94adc98890a1ef0744b39cc2f37ee4d19&s=450x450,"Tongging, Samosir",8.4,29,517920,"https://www.google.com/maps/place/Agape+Hotel+Haranggaol/@2.8735652,98.6854665,17z/data=!3m1!4b1!4m9!3m8!1s0x3031ef7085ca6bbb:0x72774dcc1ac84ef!5m2!4m1!1i2!8m2!3d2.8735652!4d98.6854665!16s%2Fg%2F11rmn0mxtw?entry=ttu&g_ep=EgoyMDI1MDUxMy4xIKXMDSoASAFQAw%3D%3D",2.8735652,98.6854665
ANARA VILLA & RESSORT Managed By 3 Smart Hotel,https://pix8.agoda.net/hotelImages/48848530/0/900b27e60fbca8c2d66507265770f2bd.jpg?ce=0&s=450x450,"Samosir East, Samosir",6.1,10,625860,"https://www.google.com/maps/place/Anara+Villa+Samosir/@2.5588322,98.8976502,17z/data=!3m1!4b1!4m9!3m8!1s0x3031e700736df51b:0x5cbe95dab45cb040!5m2!4m1!1i2!8m2!3d2.5588322!4d98.8976502!16s%2Fg%2F11vm2f3rft?entry=ttu&g_ep=EgoyMDI1MDUxMi4wIKXMDSoASAFQAw%3D%3D",2.5588322,98.8976502
Penginapan Rindu Alam Soala Gogo,https://pix8.agoda.net/hotelImages/122/12250275/12250275_20011510050087103960.jpg?ca=10&ce=1&s=450x450,"Tongging, Samosir",4.8,1,151438,"https://www.google.com/maps/place/Penginapan+Rindu+Alam+Soala+Gogo/@2.788165,98.5362091,17z/data=!3m1!4b1!4m9!3m8!1s0x3031b45321f61521:0x6e1a97ab69bf6055!5m2!4m1!1i2!8m2!3d2.788165!4d98.5362091!16s%2Fg%2F11hf62_yv4?entry=ttu&g_ep=EgoyMDI1MDUxMi4wIKXMDSoJLDEwMjExNDU1SAFQAw%3D%3D",2.788165,98.5362091
Marlin Homestay 2Br Samosir,https://pix8.agoda.net/property/69131822/0/ccbdd60b2f41c230ce95e3d5eba275a2.jpeg?ce=2&s=450x450,"Samosir West, Samosir",9.5,17,1722241,"https://www.google.com/maps/place/Marlin+Homestay/@2.744109,98.7080377,17z/data=!3m1!4b1!4m10!3m9!1s0x3031c7f5e713ebeb:0x277719fb3f70ecf1!5m3!1s2025-05-20!4m1!1i2!8m2!3d2.7441036!4d98.7106126!16s%2Fg%2F11smf11mhp?entry=ttu&g_ep=EgoyMDI1MDUxMy4xIKXMDSoASAFQAw%3D%3D",2.744109,98.7080377
Batajaya Cottage,https://q-xx.bstatic.com/xdata/images/hotel/max500/415437310.jpg?k=89713e1dafa35295752d624e3427b425f49f267184c9de3879bb24ec59e3730a&s=450x450,"Samosir West, Samosir",9.5,3,381250,"https://www.google.com/maps/place/Batajaya+Residence/@2.7530379,98.741444,17z/data=!4m10!3m9!1s0x3031b96477fdd9a1:0xeca5c3f10c0b86ac!5m3!1s2025-05-20!4m1!1i2!8m2!3d2.7530325!4d98.7440189!16s%2Fg%2F11tn2rwpqy?entry=ttu&g_ep=EgoyMDI1MDUxMy4xIKXMDSoASAFQAw%3D%3D",2.7530379,98.741444
Alice Villa2,https://q-xx.bstatic.com/xdata/images/hotel/max500/567440313.jpg?k=6b72d4e4906599ea1f280c6fb038f96645dd5ba632f5cd93d9811df43e66fdf7&s=450x450,"Samosir West, Samosir",7.5,13,781350,"https://www.google.com/maps/place/Alice+Villa+2/@2.6719065,98.8519184,17z/data=!4m10!3m9!1s0x3031eb0009bc4907:0x73c1ea516220868d!5m3!1s2025-05-20!4m1!1i2!8m2!3d2.6719011!4d98.8544933!16s%2Fg%2F11vm52d13g?entry=ttu&g_ep=EgoyMDI1MDUxMy4xIKXMDSoASAFQAw%3D%3D",2.6719065,98.8519184
ANARA VILLA SAMOSIR MANAGED BY 3 SMART HOTEL,https://q-xx.bstatic.com/xdata/images/hotel/max500/517566485.jpg?k=5b983a2c76b1411843dc783bf1c5491d5528ca6d69aba67c5879eb7f0388ac93&s=450x450,"Samosir East, Samosir",7.4,1,625860,"https://www.google.com/maps/place/Anara+Villa+Samosir/@2.5588376,98.8950753,17z/data=!4m10!3m9!1s0x3031e700736df51b:0x5cbe95dab45cb040!5m3!1s2025-05-20!4m1!1i2!8m2!3d2.5588322!4d98.8976502!16s%2Fg%2F11vm2f3rft?entry=ttu&g_ep=EgoyMDI1MDUxMy4xIKXMDSoASAFQAw%3D%3D",2.5588376,98.8950753
alice villa,https://pix8.agoda.net/hotelImages/49677164/0/6c2c4de39c6f551c2c3ad786bd6416c3.jpg?ce=0&s=450x450,"Samosir West, Samosir",9.1,1,1811250,"https://www.google.com/maps/place/Alice+Villa+1/@2.6731847,98.848004,17z/data=!4m17!1m5!2m4!1salice+villa!5m2!5m1!1s2025-05-20!3m10!1s0x3031eb0033659c0b:0xb1baa1e4f7faf8af!5m3!1s2025-05-20!4m1!1i2!8m2!3d2.6744576!4d98.8466646!15sCgthbGljZSB2aWxsYZIBBXZpbGxhqgEzEAEyHhABIhrgU7yG0EUeDAb8ziFwJN86DlS4kDButQf5TzIPEAIiC2FsaWNlIHZpbGxh4AEA!16s%2Fg%2F11vm2t_ht6?entry=ttu&g_ep=EgoyMDI1MDUxMy4xIKXMDSoASAFQAw%3D%3D",2.6731847,98.848004
Simbolon Homestay Samosir,https://pix8.agoda.net/hotelImages/59027983/0/704e6c33a35542f4d70ac7910c57975c.jpg?ce=0&s=450x450,"Samosir East, Samosir",9.5,4,675000,"https://www.google.com/maps/place/Simbolon+Homestay+Samosir/@2.5461642,98.7076111,14z/data=!4m10!3m9!1s0x3031db0035163f11:0xda6e5b5670423348!5m3!1s2025-05-20!4m1!1i2!8m2!3d2.5685369!4d98.7171468!16s%2Fg%2F11y67stkdq?entry=ttu&g_ep=EgoyMDI1MDUxMy4xIKXMDSoASAFQAw%3D%3D",2.5461642,98.7076111
Judita Cottages,https://q-xx.bstatic.com/xdata/images/hotel/max500/593323243.jpg?k=dd5cb52584fb24e34765bede7f940f685b64b5c9f53bfb7b39837ad1c894a7cd&s=450x450,"Samosir West, Samosir",8.6,5,464887,"https://www.google.com/maps/place/Judita+Cottage/@2.6769911,98.8518981,17z/data=!4m10!3m9!1s0x3031ea1714bac785:0xc25364ae7502698a!5m3!1s2025-05-20!4m1!1i2!8m2!3d2.6769857!4d98.854473!16s%2Fg%2F11bzq2_m_m?entry=ttu&g_ep=EgoyMDI1MDUxMy4xIKXMDSoASAFQAw%3D%3D",2.6769911,98.8518981
Blessed Homestay,https://q-xx.bstatic.com/xdata/images/hotel/max500/641879393.jpg?k=80ce68675788acad60ff5ed41e89ebbb8b09dc81954816c8a373b29b94fb8719&s=450x450,"Samosir West, Samosir","6,5",4,352750,"https://www.google.com/maps/place/BLESS+HOMESTAY/@2.6839284,98.6909181,17z/data=!3m1!4b1!4m9!3m8!1s0x3031c7ed5685fde7:0x25bbd8b124343d6c!5m2!4m1!1i2!8m2!3d2.6839284!4d98.6909181!16s%2Fg%2F11qsf3qn87?entry=ttu&g_ep=EgoyMDI1MDUxMy4xIKXMDSoASAFQAw%3D%3D",2.6839284,98.6909181
Daeng Homestay,https://q-xx.bstatic.com/xdata/images/hotel/max500/651145131.jpg?k=e9bb44966f632f685e0c487682f5fa538e5fe69c2146d0c60f875befea025ab4&s=450x450,"Samosir West, Samosir",9.5,2,1228500,"https://www.google.com/maps/place/DAENG+HOMESTAY/@2.6348913,98.6927055,17z/data=!3m1!4b1!4m9!3m8!1s0x3031c50036586fad:0xd38717b1c6b01a33!5m2!4m1!1i2!8m2!3d2.6348913!4d98.6927055!16s%2Fg%2F11wv3_dzp5?entry=ttu&g_ep=EgoyMDI1MDUxMi4wIKXMDSoASAFQAw%3D%3D",2.6348913,98.6927055
Sopo Hita Floating Homestay Samosir,https://pix8.agoda.net/hotelImages/68931225/0/c0d5d6e0ee997ab09cb9ca0d10f21fe4.jpg?ce=2&s=450x450,"Samosir West, Samosir",7.1,45,219805,"https://www.google.com/maps/place/Sopo+Toba+Hotel/@2.689726,98.821571,17z/data=!3m1!4b1!4m9!3m8!1s0x3031c1fca1dcdea1:0xcf481002d80f20e!5m2!4m1!1i2!8m2!3d2.689726!4d98.821571!16s%2Fg%2F1tfthmwt?entry=ttu&g_ep=EgoyMDI1MDUxMi4wIKXMDSoASAFQAw%3D%3D",2.689726,98.821571
Mario Lakeside Apartments,https://q-xx.bstatic.com/xdata/images/hotel/max500/451934545.jpg?k=f78096eb13813852a16142057f381077617299fa33e1afc924905b3914cfbb13&s=450x450,"Samosir West, Samosir",9.0,102,371488,"https://www.google.com/maps/place/Mario+Lakeside+Apartments/@2.6685372,98.858306,17z/data=!3m1!4b1!4m6!3m5!1s0x3031eb006957cd83:0xc8ea4175554e78c3!8m2!3d2.6685372!4d98.858306!16s%2Fg%2F11w1qtql69?entry=ttu&g_ep=EgoyMDI1MDUxMi4wIKXMDSoASAFQAw%3D%3D",2.6685372,98.858306
Andaliman House,https://q-xx.bstatic.com/xdata/images/hotel/max500/671604164.jpg?k=dd252c2b5a38ff0304e898716dea18698d1df36b4023469557e5f88a04869563&s=450x450,"Samosir West, Samosir",8.1,9,300991,"https://www.google.com/maps/place/Andaliman+House-+BATAK+Style/@2.669106,98.8584682,17z/data=!4m10!3m9!1s0x3031ebff98881d07:0x9133790562dfbfc5!5m3!1s2025-05-20!4m1!1i2!8m2!3d2.6691006!4d98.8610431!16s%2Fg%2F11yb7m2q6v?entry=ttu&g_ep=EgoyMDI1MDUxMy4xIKXMDSoASAFQAw%3D%3D",2.669106,98.8584682
PINK Rodeo Inn,https://pix8.agoda.net/hotelImages/60272303/0/85d5dbe64dd545e8d164546a0da2777f.jpg?ce=0&s=450x450,"Samosir West, Samosir",9.6,1,550810,"https://www.google.com/maps/search/PINK+Rodeo+Inn,+Samosir+West,+Samosir/@2.6709975,98.8547384,17z/data=!3m1!4b1?entry=ttu&g_ep=EgoyMDI1MDUxMi4wIKXMDSoJLDEwMjExNDU1SAFQAw%3D%3D",2.6709975,98.8547384
Olivia Homestay,https://q-xx.bstatic.com/xdata/images/hotel/max500/490884750.jpg?k=24c47226b6797d9dc2e8960a845e20a5f16ff78f785f4c86e006d8e64d190ca1&s=450x450,"Girsang Sipangan Bolon, Parapat",3.3,2,281774,"https://www.google.com/maps/search/Olivia+Homestay,+Girsang+Sipangan+Bolon,+Parapat/@2.6642204,98.9374911,17z/data=!3m1!4b1?entry=ttu&g_ep=EgoyMDI1MDUxMi4wIKXMDSoASAFQAw%3D%3D",2.6642204,98.9374911
Yolanda homestay,https://pix8.agoda.net/hotelImages/39861053/0/ad7eae432c05446eee48e7fb03d21ec3.jpg?ce=0&s=450x450,"Girsang Sipangan Bolon, Parapat",9.2,11,2200500,"https://www.google.com/maps/place/Yolanda+Homestay/@2.664133,98.9310981,17z/data=!3m1!4b1!4m6!3m5!1s0x3031efa66c84ae9d:0x83fa2ab0e2cbb088!8m2!3d2.664133!4d98.9310981!16s%2Fg%2F11smr64ly4?entry=ttu&g_ep=EgoyMDI1MDUxMy4xIKXMDSoASAFQAw%3D%3D",2.664133,98.9310981
SENIOR BAKARA HOTEL,https://pix8.agoda.net/hotelImages/50611742/0/647b92f622543735fbf0e827a0ad8f8b.jpg?ce=0&s=450x450,"Muara, North Tapanuli",10.0,1,356849,"https://www.google.com/maps/place/Senior+Bakara+Hotel/@2.3186427,98.8351544,17z/data=!3m1!4b1!4m9!3m8!1s0x302e23503852c181:0x998c075598393f34!5m2!4m1!1i2!8m2!3d2.3186427!4d98.8351544!16s%2Fg%2F11jjqhgk78?entry=ttu&g_ep=EgoyMDI1MDUxMy4xIKXMDSoJLDEwMjExNDUzSAFQAw%3D%3D",2.3186427,98.8351544
RedDoorz @ Aldos Villa Silangit,https://pix8.agoda.net/hotelImages/33429225/-1/0ffbc30fb4f8eaa49337e6b93620bbad.jpg?ce=0&s=450x450,"Muara, North Tapanuli",8.3,43,281536,"https://www.google.com/maps/place/RedDoorz+@+Aldos+Villa+Silangit/@2.2646527,98.9866884,17z/data=!3m1!4b1!4m9!3m8!1s0x302e11367b465527:0x79e921bce64526aa!5m2!4m1!1i2!8m2!3d2.2646527!4d98.9866884!16s%2Fg%2F11syths7jq?entry=ttu&g_ep=EgoyMDI1MDUxMy4xIKXMDSoASAFQAw%3D%3D",2.2646527,98.9866884
ARIRANG27 HOMESTAY,https://q-xx.bstatic.com/xdata/images/hotel/max500/581963971.jpg?k=b37cf910cd257cb5134a68c7bd4bc88b7235d7404ffebc4bd16b1723b15d16bf&s=450x450,"Muara, North Tapanuli",9.0,13,287627,"https://www.google.com/maps/place/Arirang27+Homestay/@2.2633199,98.9892556,17z/data=!3m1!4b1!4m9!3m8!1s0x302e1144b1565bdf:0xc6f6c3e89459349f!5m2!4m1!1i2!8m2!3d2.2633199!4d98.9892556!16s%2Fg%2F11fhvmp4zt?entry=ttu&g_ep=EgoyMDI1MDUxMy4xIKXMDSoJLDEwMjExNDUzSAFQAw%3D%3D",2.2633199,98.9892556
Hotel Panatapan Almonsari,https://pix8.agoda.net/hotelImages/60804859/0/3df29438c2f16d06fdfe9b29b0ad946a.jpeg?ce=0&s=450x450,"Muara, North Tapanuli",5.8,2,207231,"https://www.google.com/maps/search/Hotel+Panatapan+Almonsari,+Muara,+North+Tapanuli/@2.2873851,99.0081834,17z/data=!3m1!4b1?entry=ttu&g_ep=EgoyMDI1MDUxMy4xIKXMDSoASAFQAw%3D%3D",2.2873851,99.0081834
Capital O 540 Esther Hotel,https://pix8.agoda.net/hotelImages/6795192/-1/ea4fa8bfd8f80d242eac2d9279d057fb.jpg?ce=0&s=450x450,"Muara, North Tapanuli",7.9,285,270341,"https://www.google.com/maps/place/Capital+O+540+Esther+Hotel/@2.2676089,99.0021598,17z/data=!3m1!4b1!4m9!3m8!1s0x302e0142dfdca333:0xc65b99466de09bae!5m2!4m1!1i2!8m2!3d2.2676089!4d99.0021598!16s%2Fg%2F11fk00tbv2?entry=ttu&g_ep=EgoyMDI1MDUxMy4xIKXMDSoASAFQAw%3D%3D",2.2676089,99.0021598
Gemma Hotel Balige,https://q-xx.bstatic.com/xdata/images/hotel/max500/590364279.jpg?k=a29552530ea34ac26953e860420ef95bb8554c48d83e70dcdee0c704591d7e39&s=450x450,"Balige City Center, Balige",9.1,56,457928,"https://www.google.com/maps/place/Gemma+Hotel+Balige/@2.3340833,99.0564523,17z/data=!3m1!4b1!4m9!3m8!1s0x302e05f4d2b4246d:0xa0292f8f0487198d!5m2!4m1!1i2!8m2!3d2.3340833!4d99.0564523!16s%2Fg%2F11y51qts_c?entry=ttu&g_ep=EgoyMDI1MDUxNS4wIKXMDSoASAFQAw%3D%3D",2.3340833,99.0564523
Damar Toba,https://q-xx.bstatic.com/xdata/images/hotel/max500/659160192.jpg?k=ae019113083926f4a389109a1230f9fe9a3cb0dab40ee8f4a3ac53a0ab8ddfff&s=450x450,"Balige, Balige",9.1,77,875546,"https://www.google.com/maps/place/Damar+Toba+~+Lakeside+Eatery+%26+Stay/@2.3404454,99.0505864,17z/data=!3m1!4b1!4m9!3m8!1s0x302e059cbc693a77:0x58c5d9d42c4dcdbd!5m2!4m1!1i2!8m2!3d2.3404454!4d99.0505864!16s%2Fg%2F11sg7xf7p8?entry=ttu&g_ep=EgoyMDI1MDUxMy4xIKXMDSoASAFQAw%3D%3D",2.3404454,99.0505864
Purnama Balige Hotel,https://pix8.agoda.net/hotelImages/33601005/-1/9de841f2052a65b633600d89ba3db036.jpg?ce=0&s=450x450,"Balige City Center, Balige",8.4,116,525035,"https://www.google.com/maps/place/Purnama+Balige+Hotel/@2.3345625,99.0595625,17z/data=!3m1!4b1!4m9!3m8!1s0x302e05c9eb7136d7:0x72616a5b6663bea4!5m2!4m1!1i2!8m2!3d2.3345625!4d99.0595625!16s%2Fg%2F11t1859c96?entry=ttu&g_ep=EgoyMDI1MDUxMy4xIKXMDSoJLDEwMjExNDU1SAFQAw%3D%3D",2.3345625,99.0595625
Sapadia Villa Balige 2,https://pix8.agoda.net/hotelImages/50145886/-1/3626b336cc5ef2abac252651fd4aedae.jpg?ce=0&s=450x450,"Balige City Center, Balige",9.6,6,495804,"https://www.google.com/maps/search/Sapadia+Villa+Balige+2,+Balige+City+Center,+Balige/@2.329528,99.0596278,16z/data=!3m1!4b1?entry=ttu&g_ep=EgoyMDI1MDUxMy4xIKXMDSoASAFQAw%3D%3D",2.329528,99.0596278
RedDoorz near Silangit International Airport,https://pix8.agoda.net/hotelImages/32613742/-1/bf767cefc3cb2e7de4d784a89f030524.jpg?ce=0&s=450x450,"Siborong-Borong, Siborongborong",6.6,69,155535,"https://www.google.com/maps/place/RedDoorz+near+Silangit+International+Airport/@2.2222214,98.978133,17z/data=!4m10!3m9!1s0x302e1163c1a1ea65:0x6f2919c318e2df56!5m3!1s2025-05-20!4m1!1i2!8m2!3d2.222216!4d98.9830039!16s%2Fg%2F11h_5y5rp8?entry=ttu&g_ep=EgoyMDI1MDUxMy4xIKXMDSoASAFQAw%3D%3D",2.2222214,98.978133
Noah Hotel Silangit,https://q-xx.bstatic.com/xdata/images/hotel/max500/590837609.jpg?k=fd332a680a4eedfb3a9a7ea78f00dd68921ba858c6a4d62f52cd61dda114137f&s=450x450,"Siborong-Borong, Siborongborong",8.0,43,327800,"https://www.google.com/maps/place/Noah+Hotel+Silangit/@2.2677737,99.0020735,17z/data=!3m1!4b1!4m9!3m8!1s0x302e6c67d59a27f3:0x46b5cd9003407cdb!5m2!4m1!1i2!8m2!3d2.2677737!4d99.0020735!16s%2Fg%2F11f7bp6696?entry=ttu&g_ep=EgoyMDI1MDUxMy4xIKXMDSoASAFQAw%3D%3D",2.2677737,99.0020735
Tiara Bunga Hotel & Villa,https://q-xx.bstatic.com/xdata/images/hotel/max500/523001735.jpg?k=7e96e1a141fd25814a7e455eab8b4a6f1c0cbc7bd34b95ee815c938c1f77f2cb&s=450x450,"Balige, Balige",7.7,37,665321,"https://www.google.com/maps/place/Hotel+Tiara+Bunga/@2.3628718,99.0308496,17z/data=!3m1!4b1!4m9!3m8!1s0x302e04a6aaaaaaab:0xf777201a92a038fb!5m2!4m1!1i2!8m2!3d2.3628718!4d99.0308496!16s%2Fg%2F1q6ccq0jl?entry=ttu&g_ep=EgoyMDI1MDUxMy4xIKXMDSoJLDEwMjExNDU1SAFQAw%3D%3D",2.3628718,99.0308496
The Boat Homestay and Spa,https://q-xx.bstatic.com/xdata/images/hotel/max500/361548710.jpg?k=abe913ef3b2462c6b332d9dfb1220415fa7846c54b0161541d9c9d8a1bfda47e&s=450x450,"Balige City Center, Balige",8.2,81,162173,"https://www.google.com/maps/place/The+Boat+Homestay/@2.3291886,99.0545349,17z/data=!3m1!4b1!4m9!3m8!1s0x302e6fa24a1d32cd:0x3f9647eac7fadb21!5m2!4m1!1i2!8m2!3d2.3291886!4d99.0545349!16s%2Fg%2F11t2cg1l3v?entry=ttu&g_ep=EgoyMDI1MDUxMy4xIKXMDSoJLDEwMjExNDU1SAFQAw%3D%3D",2.3291886,99.0545349
Ben And Ethan Homestay,https://q-xx.bstatic.com/xdata/images/hotel/max500/602682784.jpg?k=940d8124b245ba516149b337d08d6e7062a90749132ce5399972e2de339ede12&s=450x450,"Balige City Center, Balige",9.9,1,807571,"https://www.google.com/maps/search/Ben+And+Ethan+Homestay,+Balige+City+Center,+Balige/@2.347594,99.0757804,17z/data=!3m1!4b1?entry=ttu&g_ep=EgoyMDI1MDUxMy4xIKXMDSoASAFQAw%3D%3D",2.347594,99.0757804
Aquino Marito Homestay Mitra RedDoorz,https://pix8.agoda.net/hotelImages/30142127/0/3ec5c7e64da35c612b2d2ee3a509f071.jpg?ca=26&ce=0&s=450x450,"Payakumbuh, Payakumbuh",6.9,53,147691,"https://www.google.com/maps/place/Aquino+Marito+Homestay/@2.3463016,99.0426071,17z/data=!4m10!3m9!1s0x302e05cbec03bd91:0xa6be43d099c04abe!5m3!1s2025-05-20!4m1!1i2!8m2!3d2.3462962!4d99.045182!16s%2Fg%2F11fk26tt9j?entry=ttu&g_ep=EgoyMDI1MDUxMy4xIKXMDSoASAFQAw%3D%3D",2.3463016,99.0426071
Porlak Hebron Family Homestay Silangit,https://pix8.agoda.net/hotelImages/59023178/0/49f41c8f9ced7d61a0fed4427831932f.jpg?ce=0&s=450x450,"Siborongborong, Siborongborong",10.0,10,863927,"https://www.google.com/maps/place/Porlak+Hebron/@2.2662129,99.0023086,17.78z/data=!4m22!1m11!3m10!1s0x302e100566a81061:0x559f1b5f92cb0c72!2sPorlak+Hebron!5m3!1s2025-05-20!4m1!1i2!8m2!3d2.2659238!4d99.002192!16s%2Fg%2F11g7yc161x!3m9!1s0x302e100566a81061:0x559f1b5f92cb0c72!5m3!1s2025-05-20!4m1!1i2!8m2!3d2.2659238!4d99.002192!16s%2Fg%2F11g7yc161x?entry=ttu&g_ep=EgoyMDI1MDUxMy4xIKXMDSoASAFQAw%3D%3D",2.2662129,99.0023086
OYO 1095 Rap Hotel,https://pix8.agoda.net/hotelImages/9384427/-1/b4263803622bd9c5bdef38d64de5e207.jpg?ca=9&ce=1&s=450x450,"Balige City Center, Balige",8.1,77,281818,"https://www.google.com/maps/search/OYO+1095+Rap+Hotel,+Balige+City+Center,+Balige/@2.3341052,99.0607736,17z/data=!3m1!4b1?entry=ttu&g_ep=EgoyMDI1MDUxMy4xIKXMDSoASAFQAw%3D%3D",2.3341052,99.0607736
Villa Sahala Simanjuntak,https://q-xx.bstatic.com/xdata/images/hotel/max500/235891242.jpg?k=b23eacf7fa79f07d4726ad748e62381c429f5161581a639e50f60919e6c89d0e&s=450x450,"Balige, Balige",8.7,4,898831,"https://www.google.com/maps/place/Villa+Sahala+Simanjuntak/@2.332091,99.0213153,17z/data=!3m1!4b1!4m9!3m8!1s0x302e04c82c651e59:0x50af64c47415d513!5m2!4m1!1i2!8m2!3d2.332091!4d99.0213153!16s%2Fg%2F11f3s9wsqq?entry=ttu&g_ep=EgoyMDI1MDUxMy4xIKXMDSoASAFQAw%3D%3D",2.332091,99.0213153
Sapadia Villa Balige 1,https://pix8.agoda.net/hotelImages/50145901/-1/71e21c5ea4a468ab3f100f425e6f54d2.jpg?ce=0&s=450x450,"Percut Sei Tuan (Deli Serdang), Deli Serdang",10.0,1,377467,"https://www.google.com/maps/place/Sapadia+Villa+Balige/@2.3306534,99.0521147,18.95z/data=!4m22!1m11!3m10!1s0x302e05bd1aa82bfd:0x540a64e70e248233!2sSapadia+Villa+Balige!5m3!1s2025-05-20!4m1!1i2!8m2!3d2.3306318!4d99.0521644!16s%2Fg%2F11fj3mqrsd!3m9!1s0x302e05bd1aa82bfd:0x540a64e70e248233!5m3!1s2025-05-20!4m1!1i2!8m2!3d2.3306318!4d99.0521644!16s%2Fg%2F11fj3mqrsd?entry=ttu&g_ep=EgoyMDI1MDUxMy4xIKXMDSoASAFQAw%3D%3D",2.3306534,99.0521147
Vany Villa Balige,https://q-xx.bstatic.com/xdata/images/hotel/max500/675941099.jpg?k=dffdbfe3ecc81026f8087f0b22809a92dcb4852637198c1d6246679f10727367&s=450x450,"Balige City Center, Balige",9.6,1,694763,"https://www.google.com/maps/place/Vany+Villa+Balige/@2.3202379,99.0619852,17z/data=!4m9!3m8!1s0x302e055685d8008f:0x67a1608cf7b495cc!5m2!4m1!1i2!8m2!3d2.3202379!4d99.0619852!16s%2Fg%2F11w304bq5n?entry=ttu&g_ep=EgoyMDI1MDUxMy4xIKXMDSoASAFQAw%3D%3D",2.3202379,99.0619852
LABERSA HOTEL & CONVENTION CENTER TOBA,https://pix8.agoda.net/hotelImages/65632226/0/0ded34e3a39dce0e42826e357e95368d.jpeg?ce=0&s=450x450,"Balige City Center, Balige",7.7,49,811988,"https://www.google.com/maps/place/Labersa+Hotel+%26+Convention+Centre+Toba+-+Sumut/@2.3386449,99.0790594,17z/data=!4m10!3m9!1s0x302e05bda2d530c5:0xd579d17cb4b7dd71!5m3!1s2025-05-20!4m1!1i2!8m2!3d2.3386395!4d99.0816343!16s%2Fg%2F11gxpdyvd1?entry=ttu&g_ep=EgoyMDI1MDUxMy4xIKXMDSoASAFQAw%3D%3D",2.3386449,99.0790594
OYO 90645 Karisma Residence,https://pix8.agoda.net/hotelImages/27933999/-1/9898bf9b994ae7d40926a9fd89b435fd.jpg?ca=24&ce=0&s=450x450,"Balige City Center, Balige",7.6,112,76566,"https://www.google.com/maps/place/OYO+90645+Karisma+Residence/@2.3340345,99.0708738,17z/data=!3m1!4b1!4m9!3m8!1s0x302e04f160940c1d:0x8a426f724873bc5b!5m2!4m1!1i2!8m2!3d2.3340345!4d99.0708738!16s%2Fg%2F11qh1xj269?entry=ttu&g_ep=EgoyMDI1MDUxMy4xIKXMDSoJLDEwMjExNDU1SAFQAw%3D%3D",2.3340345,99.0708738
RAP Hotel Balige,https://pix8.agoda.net/hotelImages/37184770/0/a905411176174ead50de76cce5bcabbb.jpg?ce=0&s=450x450,"Balige City Center, Balige",8.7,173,207030,"https://www.google.com/maps/place/RAP+Hotel+Balige/@2.3341052,99.0607736,17z/data=!3m1!4b1!4m9!3m8!1s0x302e05c5eea4296b:0xda7ea77878b816a2!5m2!4m1!1i2!8m2!3d2.3341052!4d99.0607736!16s%2Fg%2F11flq8wztf?entry=ttu&g_ep=EgoyMDI1MDUxMy4xIKXMDSoASAFQAw%3D%3D",2.3341052,99.0607736
Hotel Ompu Herti,https://q-xx.bstatic.com/xdata/images/hotel/max500/573473150.jpg?k=e2d0706fdebe63c3418039488ed9b33a8a136697a89de9c1147bdd3b41588b2c&s=450x450,"Balige City Center, Balige",7.5,48,358505,"https://www.google.com/maps/place/Hotel+Ompu+Herti/@2.3343228,99.0556348,17z/data=!3m1!4b1!4m9!3m8!1s0x302e048af33ff91d:0x7408d3f98b206d06!5m2!4m1!1i2!8m2!3d2.3343228!4d99.0556348!16s%2Fg%2F11b7cbcnsx?entry=ttu&g_ep=EgoyMDI1MDUxMy4xIKXMDSoASAFQAw%3D%3D",2.3343228,99.0556348
SPOT ON 91637 Hotel Adela,https://pix8.agoda.net/hotelImages/34565110/-1/ec8dd9f42121a1f5ed1bdf9e1d61e2a5.jpg?ce=0&s=450x450,"Balige, Balige",4.4,14,50478,"https://www.google.com/maps/place/SPOT+ON+91637+Hotel+Adela/@2.3338109,99.12646,17z/data=!4m10!3m9!1s0x302e06c186f1926f:0xe4d02073f480130a!5m3!1s2025-05-20!4m1!1i2!8m2!3d2.3338055!4d99.1290349!16s%2Fg%2F11cmhfgjnf?entry=ttu&g_ep=EgoyMDI1MDUxMy4xIKXMDSoASAFQAw%3D%3D",2.3338109,99.12646
Tendy Guest House,https://q-xx.bstatic.com/xdata/images/hotel/max500/529644469.jpg?k=d289b4b6fcf4684f00cda8fc929ea8e65bd593d8383d28767d578eaecb443e37&s=450x450,"Balige, Balige",6.8,2,282625,"https://www.google.com/maps/place/Tendy+Guest+House/@2.4527472,99.1491087,17z/data=!4m10!3m9!1s0x3031ff149af762fd:0x91650151933b1181!5m3!1s2025-05-20!4m1!1i2!8m2!3d2.4527418!4d99.1516836!16s%2Fg%2F11y1xl158p?entry=ttu&g_ep=EgoyMDI1MDUxMy4xIKXMDSoASAFQAw%3D%3D",2.4527472,99.1491087
Homestay Opung Lamhot,https://q-xx.bstatic.com/xdata/images/hotel/max500/648420314.jpg?k=1158a670a9a9a94c00fc66c31ee7086de2274c9d07ba738d181e9d23db06c25a&s=450x450,"Balige, Balige",9.1,1,412303,"https://www.google.com/maps/place/Home+Stay+op+lamhot/@2.3678417,99.1262264,11.48z/data=!4m10!3m9!1s0x302e01a4e08dd83f:0x46dc7198715f239f!5m3!1s2025-05-20!4m1!1i2!8m2!3d2.3965359!4d99.159154!16s%2Fg%2F11fm8jq3c9?entry=ttu&g_ep=EgoyMDI1MDUxMy4xIKXMDSoASAFQAw%3D%3D",2.3678417,99.1262264
Roman Sinasi Hotel,https://pix8.agoda.net/hotelImages/31972942/-1/40b9848a68f74c10c2fd89a4496d1da8.jpg?ca=29&ce=0&s=450x450,"Merek, Merek",3.9,13,614942,"https://www.google.com/maps/place/Roman+Sinasi+Hotel/@2.8941843,98.5180833,17z/data=!4m10!3m9!1s0x3031b28c3e7c5e19:0x73b16dd9e453d871!5m3!1s2025-05-20!4m1!1i2!8m2!3d2.8941789!4d98.5206582!16s%2Fg%2F11c1pg5756?entry=ttu&g_ep=EgoyMDI1MDUxMy4xIKXMDSoASAFQAw%3D%3D",2.8941843,98.5180833
Taman Simalem Resort,https://pix8.agoda.net/hotelImages/564/564819/564819_17030811070051423401.jpg?ca=6&ce=1&s=450x450,"Merek, Merek",8.4,1,1116792,"https://www.google.com/maps/search/Taman+Simalem+Resort,+Merek,+Merek/@2.890092,98.4993999,16z/data=!3m1!4b1?entry=ttu&g_ep=EgoyMDI1MDUxMy4xIKXMDSoASAFQAw%3D%3D",2.890092,98.4993999
RedDoorz @ Gunari Guest House Merek Karo,https://pix8.agoda.net/hotelImages/55493183/-1/d0aaf7a73ee50b891d776f85234b1552.jpg?ce=0&s=450x450,"Merek, Merek",8.4,37,188029,"https://www.google.com/maps/place/RedDoorz+@+Gunari+Guest+House+Merek+Karo/@2.9588623,98.5320877,21z/data=!4m10!3m9!1s0x3031ad39a8803fc1:0x52eacc665da142c3!5m3!1s2025-05-20!4m1!1i2!8m2!3d2.9588125!4d98.5320625!16s%2Fg%2F11y46fs_43?entry=ttu&g_ep=EgoyMDI1MDUxMy4xIKXMDSoASAFQAw%3D%3D",2.9588623,98.5320877
Villa Yasmine Siosar,https://pix8.agoda.net/hotelImages/29384823/0/02575e634de28be6efb8d5cd00e10e03.jpg?ce=0&s=450x450,"Merek, Merek",8.0,1,1866312,"https://www.google.com/maps/place/Villa+Yasmine+Siosar/@2.9966809,98.458804,17z/data=!3m1!4b1!4m9!3m8!1s0x30305549378c02a3:0x5f445da02528564f!5m2!4m1!1i2!8m2!3d2.9966809!4d98.458804!16s%2Fg%2F11s1y020db?entry=ttu&g_ep=EgoyMDI1MDUxMy4xIKXMDSoJLDEwMjExNDUzSAFQAw%3D%3D",2.9966809,98.458804
Villa Cemara Siosar,https://q-xx.bstatic.com/xdata/images/hotel/max500/535542420.jpg?k=c5a37f78d17ee3854b461c792f1910a24cbc881197375b33abb869ca70858466&s=450x450,"Merek, Merek",5.3,2,553718,"https://www.google.com/maps/search/Villa+Cemara+Siosar,+Merek,+Merek/@2.9834411,98.4687647,15z/data=!3m1!4b1?entry=ttu&g_ep=EgoyMDI1MDUxMy4xIKXMDSoASAFQAw%3D%3D",2.9834411,98.4687647